Date,Car_ID,Duration_min,Distance_km,Revenue,Fuel_cost
2024-01-01,17,66,24.45,265.3,56.15
2024-01-01,17,127,39.17,466.37,110.54
2024-01-01,5,143,45.94,457.49,182.45
2024-01-01,4,137,44.4,398.23,160.13
2024-01-01,5,130,43.2,486.65,155.37
2024-01-01,9,138,46.65,468.04,158.22
2024-01-01,3,162,50.71,549.93,183.52
2024-01-01,20,110,34.62,290.28,134.36
2024-01-01,8,142,51.08,546.7,177.27
2024-01-01,18,165,55.2,561.12,187.2
2024-01-01,7,158,53.35,539.82,132.5
2024-01-02,16,154,55.25,565.43,208.05
2024-01-02,9,113,40.12,458.33,112.68
2024-01-02,1,166,56.75,647.14,219.69
2024-01-02,4,180,62.56,593.66,242.76
2024-01-02,18,142,52.7,485.96,156.58
2024-01-02,3,175,58.32,508.26,159.38
2024-01-02,8,149,48.52,528.04,126.93
2024-01-02,16,129,39.04,404.48,154.53
2024-01-03,19,22,9.49,99.93,34.08
2024-01-03,1,42,16.55,147.64,49.62
2024-01-03,4,49,17.52,193.98,36.56
2024-01-03,12,172,56.96,675.93,223.7
2024-01-03,1,130,45.55,418.09,126.19
2024-01-03,1,81,27.64,324.65,93.76
2024-01-03,8,38,8.93,78.9,29.84
2024-01-03,2,141,50.17,550.04,170.29
2024-01-03,11,53,17.82,163.49,64.49
2024-01-03,3,64,22.88,256.08,75.5
2024-01-03,14,158,64.22,526.84,242.34
2024-01-03,15,106,30.65,327.61,81.42
2024-01-03,17,84,34.0,313.25,104.52
2024-01-03,5,22,5.19,54.42,11.26
2024-01-03,13,130,45.37,437.63,154.22
2024-01-04,8,66,18.08,198.41,45.22
2024-01-04,9,154,45.36,437.1,106.44
2024-01-04,1,48,15.04,131.34,58.2
2024-01-04,1,30,9.39,94.49,31.11
2024-01-04,5,36,8.45,71.66,22.68
2024-01-04,5,61,21.02,171.59,78.0
2024-01-04,20,158,52.61,520.5,123.44
2024-01-04,5,37,9.54,78.12,37.17
2024-01-04,4,48,16.01,162.58,53.91
2024-01-04,16,38,14.93,175.86,58.07
2024-01-04,20,166,57.58,490.24,208.58
2024-01-04,11,115,43.76,459.65,159.32
2024-01-05,8,88,27.33,242.07,75.27
2024-01-05,19,49,13.73,128.31,45.46
2024-01-05,10,104,30.95,309.03,104.8
2024-01-05,18,89,27.19,312.99,94.36
2024-01-05,4,152,55.7,573.93,192.91
2024-01-05,4,110,31.04,290.66,119.87
2024-01-05,5,26,13.33,146.82,29.4
2024-01-05,17,127,41.01,411.01,149.82
2024-01-05,13,33,11.97,141.3,37.68
2024-01-06,15,158,52.28,511.98,135.21
2024-01-06,20,137,44.64,523.33,176.26
2024-01-06,14,136,46.08,450.04,173.98
2024-01-06,11,89,31.51,264.81,68.32
2024-01-06,13,151,54.41,614.12,185.66
2024-01-06,5,43,9.99,112.39,38.9
2024-01-06,13,146,44.44,417.81,151.84
2024-01-06,19,122,34.56,401.72,76.8
2024-01-06,3,155,56.38,542.39,177.19
2024-01-06,20,75,26.66,285.95,65.99
2024-01-06,17,167,57.87,663.98,141.61
2024-01-07,6,72,24.67,204.66,76.67
2024-01-07,20,160,53.37,462.45,129.88
2024-01-07,15,173,61.98,722.71,242.79
2024-01-07,16,116,36.56,359.13,118.47
2024-01-07,8,136,44.86,422.29,142.09
2024-01-07,5,55,14.27,128.98,41.47
2024-01-07,17,175,63.52,576.97,143.95
2024-01-07,3,148,44.86,529.26,154.82
2024-01-07,15,167,57.77,662.26,120.76
2024-01-07,1,132,43.6,490.2,173.3
2024-01-07,17,25,3.19,37.94,11.77
2024-01-07,13,175,62.39,616.14,176.56
2024-01-07,1,163,54.35,601.97,211.39
2024-01-07,10,97,32.47,291.92,94.21
2024-01-08,14,15,5.36,47.79,17.92
2024-01-08,2,106,36.88,334.64,75.39
2024-01-08,2,132,42.45,478.18,167.07
2024-01-08,17,126,44.68,443.22,126.93
2024-01-08,5,99,36.45,423.27,117.89
2024-01-08,2,52,18.91,197.27,61.89
2024-01-08,15,105,35.75,364.32,103.75
2024-01-09,15,44,13.31,139.55,49.56
2024-01-09,5,43,9.22,90.72,36.52
2024-01-09,2,140,46.5,489.81,115.33
2024-01-09,19,125,38.36,359.95,145.53
2024-01-09,3,169,57.8,616.7,135.51
2024-01-09,19,161,52.16,489.78,107.63
2024-01-09,6,15,8.14,82.48,22.06
2024-01-09,14,48,14.88,138.14,32.5
2024-01-09,15,135,42.54,457.4,128.62
2024-01-09,11,77,26.2,265.85,100.82
2024-01-09,14,42,14.11,133.67,41.26
2024-01-10,13,168,57.73,579.99,176.9
2024-01-10,13,32,11.6,113.56,35.56
2024-01-10,15,133,43.77,406.57,106.06
2024-01-10,12,39,12.86,148.65,40.98
2024-01-10,4,152,50.64,422.75,155.69
2024-01-10,2,125,46.11,506.33,132.02
2024-01-10,19,56,16.04,169.76,50.39
2024-01-10,13,135,40.85,365.58,90.02
2024-01-10,6,84,26.05,227.82,66.95
2024-01-10,9,145,46.87,473.32,132.22
2024-01-10,4,166,54.62,648.73,203.77
2024-01-10,6,132,41.28,372.8,96.66
2024-01-10,19,76,25.63,263.66,65.62
2024-01-10,12,147,51.25,448.38,135.69
2024-01-10,19,34,9.96,103.98,25.66
2024-01-11,5,140,45.75,394.22,135.51
2024-01-11,11,17,5.22,44.58,11.1
2024-01-11,12,144,46.78,434.54,169.32
2024-01-11,1,77,28.99,300.95,85.31
2024-01-11,3,108,38.31,322.87,141.82
2024-01-11,12,92,29.14,341.12,100.34
2024-01-11,8,25,4.61,51.52,11.07
2024-01-11,3,179,61.3,618.63,166.58
2024-01-11,13,56,21.77,208.35,79.1
2024-01-11,7,118,37.3,343.4,130.39
2024-01-11,15,167,48.98,461.42,136.3
2024-01-11,2,67,23.04,195.09,89.39
2024-01-11,7,56,20.98,179.52,75.27
2024-01-11,1,169,54.87,507.39,137.01
2024-01-11,1,100,34.54,375.03,103.22
2024-01-12,10,111,37.26,354.55,108.58
2024-01-12,20,29,6.82,76.36,15.7
2024-01-12,15,82,30.22,319.31,102.4
2024-01-12,4,40,16.25,146.4,43.75
2024-01-12,11,88,25.8,250.11,66.46
2024-01-12,11,154,49.29,574.13,112.3
2024-01-12,18,125,43.6,366.6,167.3
2024-01-12,5,134,49.36,399.43,163.03
2024-01-12,17,106,33.44,277.89,73.86
2024-01-12,9,25,7.78,76.3,17.33
2024-01-12,14,178,59.5,616.73,166.48
2024-01-12,9,67,25.62,239.27,92.36
2024-01-13,9,49,18.89,220.63,50.87
2024-01-13,18,176,51.7,603.59,164.12
2024-01-13,12,166,51.75,421.02,135.74
2024-01-13,11,164,55.5,492.85,134.6
2024-01-13,17,95,29.27,350.87,87.94
2024-01-13,1,155,51.17,490.71,146.03
2024-01-13,19,76,23.61,192.35,69.52
2024-01-13,8,33,9.36,77.34,33.24
2024-01-13,15,127,46.07,397.18,108.91
2024-01-14,7,145,42.11,399.79,107.03
2024-01-14,14,176,57.58,496.61,197.61
2024-01-14,8,79,26.12,266.65,65.51
2024-01-14,8,68,25.1,289.95,78.16
2024-01-14,8,176,53.02,595.0,210.9
2024-01-14,14,158,57.61,508.08,148.99
2024-01-14,16,21,3.98,41.91,13.81
2024-01-14,19,126,42.98,416.28,162.69
2024-01-15,15,162,50.25,469.48,183.41
2024-01-15,3,133,46.6,449.14,144.66
2024-01-15,2,67,18.09,166.07,70.51
2024-01-15,12,38,13.17,157.22,38.74
2024-01-15,17,128,39.74,321.48,100.83
2024-01-15,8,39,11.13,126.23,44.18
2024-01-15,13,112,36.08,327.93,73.48
2024-01-15,18,142,47.92,435.9,148.96
2024-01-15,6,136,42.4,461.33,93.83
2024-01-15,6,112,42.33,368.33,162.07
2024-01-15,14,78,29.04,273.45,113.77
2024-01-15,1,65,22.11,182.9,81.23
2024-01-16,11,178,58.67,638.06,152.19
2024-01-16,3,68,28.91,339.62,100.18
2024-01-16,1,50,15.75,160.04,36.61
2024-01-16,20,95,39.35,367.38,139.36
2024-01-16,9,54,17.71,193.28,52.98
2024-01-16,11,118,34.66,390.83,124.73
2024-01-16,12,116,37.47,388.18,101.98
2024-01-16,12,63,17.04,173.28,63.84
2024-01-16,8,163,53.65,592.14,185.01
2024-01-16,16,39,13.8,148.68,29.03
2024-01-16,15,46,17.54,189.79,67.52
2024-01-16,7,28,10.41,91.26,23.21
2024-01-17,18,130,41.57,473.01,109.67
2024-01-17,10,117,39.29,350.45,88.05
2024-01-17,2,145,46.95,506.33,125.8
2024-01-17,12,53,18.9,211.03,49.86
2024-01-17,18,175,52.54,606.57,169.81
2024-01-17,2,69,23.77,190.17,56.35
2024-01-17,18,174,57.94,679.66,124.0
2024-01-18,14,43,12.78,126.79,41.6
2024-01-18,12,135,49.23,545.11,139.59
2024-01-18,7,98,30.05,253.67,81.41
2024-01-18,18,82,29.71,322.76,94.44
2024-01-18,16,87,28.26,240.19,110.6
2024-01-18,5,75,22.35,201.96,71.01
2024-01-18,7,77,25.52,266.76,59.56
2024-01-18,20,18,8.02,71.63,31.18
2024-01-18,19,124,39.42,350.13,93.54
2024-01-18,3,134,43.07,404.91,91.13
2024-01-19,15,23,6.55,72.23,22.21
2024-01-19,3,174,54.48,536.81,176.83
2024-01-19,15,103,38.98,326.07,146.35
2024-01-19,3,137,51.05,434.88,192.86
2024-01-19,2,90,29.79,349.36,103.39
2024-01-19,2,138,45.44,431.23,114.48
2024-01-19,5,104,36.32,306.46,137.61
2024-01-19,13,95,31.78,262.09,119.69
2024-01-19,19,81,30.97,317.86,78.48
2024-01-20,6,161,50.27,576.74,125.2
2024-01-20,16,27,10.51,112.64,34.01
2024-01-20,6,21,9.57,110.34,37.55
2024-01-20,19,45,14.5,135.42,50.56
2024-01-20,18,114,38.44,393.04,135.05
2024-01-20,12,53,19.62,166.09,54.03
2024-01-21,13,177,53.32,453.98,136.86
2024-01-21,7,88,32.89,314.74,77.59
2024-01-21,5,36,11.29,132.66,38.12
2024-01-21,18,82,30.55,252.67,96.68
2024-01-21,1,36,8.92,93.52,18.66
2024-01-21,18,28,7.66,84.48,15.69
2024-01-21,11,47,16.8,156.13,50.01
2024-01-21,19,72,26.03,218.92,96.55
2024-01-21,15,133,44.19,499.5,114.75
2024-01-21,2,98,28.83,340.24,66.36
2024-01-21,15,115,40.95,432.2,114.46
2024-01-21,5,145,44.98,490.22,157.07
2024-01-22,3,78,22.49,257.97,77.12
2024-01-22,18,29,17.21,148.67,41.44
2024-01-22,8,93,26.03,255.49,79.67
2024-01-22,7,145,46.38,540.24,182.52
2024-01-22,20,60,22.81,224.66,45.68
2024-01-22,7,31,6.05,61.96,14.84
2024-01-22,2,102,35.82,348.62,142.15
2024-01-22,17,86,34.56,331.11,136.47
2024-01-22,6,46,14.18,150.68,49.82
2024-01-22,6,150,52.82,453.39,116.5
2024-01-23,14,174,60.54,488.75,179.48
2024-01-23,20,175,57.67,536.67,175.05
2024-01-23,1,172,57.41,466.94,123.85
2024-01-23,7,180,65.39,732.56,156.96
2024-01-23,12,63,22.92,270.63,51.54
2024-01-23,6,23,13.1,150.47,44.92
2024-01-24,20,76,26.41,275.93,78.4
2024-01-24,11,98,39.13,435.77,115.91
2024-01-24,9,120,43.52,424.48,150.12
2024-01-24,12,101,32.77,342.89,87.11
2024-01-24,14,114,44.49,488.38,166.56
2024-01-24,19,58,24.52,218.53,97.88
2024-01-24,9,73,25.64,271.84,61.52
2024-01-24,3,107,31.63,359.4,74.29
2024-01-24,20,51,15.89,149.1,43.57
2024-01-25,20,166,58.19,602.4,119.8
2024-01-25,2,80,35.51,368.93,127.32
2024-01-25,7,129,40.34,384.61,118.25
2024-01-25,15,113,33.58,372.85,94.37
2024-01-25,10,28,9.26,83.21,34.63
2024-01-26,15,28,12.85,129.28,34.94
2024-01-26,2,84,24.02,230.55,89.28
2024-01-26,5,178,62.55,743.08,181.88
2024-01-26,11,24,1.71,19.4,4.91
2024-01-26,20,22,8.1,84.75,27.64
2024-01-26,20,42,13.04,148.3,47.07
2024-01-26,15,148,55.56,490.26,123.56
2024-01-26,18,92,30.81,361.93,64.05
2024-01-26,3,73,22.27,206.33,67.13
2024-01-26,14,26,9.08,104.22,26.43
2024-01-26,15,165,56.36,601.19,128.46
2024-01-26,13,66,19.18,205.15,75.58
2024-01-26,1,22,9.27,79.92,22.88
2024-01-26,15,100,35.75,425.93,98.26
2024-01-27,18,159,49.34,558.74,184.01
2024-01-27,17,90,30.59,357.19,97.94
2024-01-27,16,156,51.22,490.47,169.16
2024-01-27,2,77,25.47,292.52,90.81
2024-01-27,13,173,58.65,642.47,220.36
2024-01-27,6,146,51.81,572.43,186.28
2024-01-27,19,123,42.71,481.4,95.69
2024-01-27,7,103,37.66,393.16,117.76
2024-01-27,19,74,20.28,206.74,64.76
2024-01-27,17,49,21.26,222.75,62.23
2024-01-28,3,99,36.03,412.66,109.46
2024-01-28,6,170,52.5,541.82,161.02
2024-01-28,15,57,14.06,155.54,50.99
2024-01-28,18,122,42.94,385.37,165.51
2024-01-28,15,82,28.18,330.73,76.17
2024-01-28,2,92,25.59,233.86,66.9
2024-01-28,15,170,56.37,572.55,147.84
2024-01-28,4,172,54.36,524.85,121.98
2024-01-28,11,21,9.82,105.34,23.21
2024-01-28,13,173,55.86,573.67,140.39
2024-01-28,4,98,33.63,334.05,121.46
2024-01-28,1,134,41.66,333.72,136.48
2024-01-28,9,40,13.54,119.79,43.62
2024-01-29,10,86,29.62,267.22,77.13
2024-01-29,19,114,42.53,412.32,141.84
2024-01-29,18,161,51.16,529.33,119.51
2024-01-29,3,122,47.1,539.38,114.62
2024-01-29,17,164,54.8,571.46,169.51
2024-01-30,10,92,30.23,318.22,63.98
2024-01-30,2,78,27.24,262.01,77.82
2024-01-30,7,38,10.35,88.11,22.85
2024-01-30,6,56,19.17,173.71,63.09
2024-01-30,4,145,49.09,471.48,134.2
2024-01-30,6,27,6.72,75.31,16.59
2024-01-30,8,64,21.43,229.78,52.76
2024-01-30,3,100,35.42,386.86,103.79
2024-01-30,8,164,60.51,620.14,236.9
2024-01-30,13,45,12.97,125.02,36.91
2024-01-30,16,26,10.24,96.11,34.08
2024-01-30,20,17,2.39,28.6,9.21
2024-01-30,12,79,25.38,288.57,77.22
2024-01-30,6,164,55.24,470.16,201.75
2024-01-30,6,156,51.07,432.62,125.37
2024-01-31,13,80,22.06,197.55,66.6
2024-01-31,3,165,51.43,605.28,192.68
2024-01-31,6,177,60.1,616.96,167.19
2024-01-31,12,63,25.21,213.38,91.62
2024-01-31,3,172,59.04,544.26,127.63
2024-01-31,3,80,28.47,245.23,69.66
2024-01-31,14,34,13.47,138.75,39.85
2024-01-31,1,178,59.69,622.34,136.01
2024-01-31,16,68,21.12,249.43,77.09
2024-01-31,13,131,46.46,394.33,137.36
2024-01-31,4,39,12.68,140.79,28.45
2024-01-31,13,45,14.79,148.3,42.59
2024-01-31,6,174,59.62,632.02,137.37
2024-01-31,19,19,2.49,27.65,7.26
2024-01-31,2,140,44.98,381.64,117.23
2024-02-01,19,21,5.77,62.11,12.25
2024-02-01,4,18,1.4,14.66,4.27
2024-02-01,7,77,28.4,317.23,79.8
2024-02-01,3,21,1.17,10.17,3.24
2024-02-01,5,144,56.1,478.82,159.16
2024-02-01,6,93,36.25,317.49,117.37
2024-02-01,13,96,34.38,283.94,71.7
2024-02-01,17,153,54.59,458.13,162.49
2024-02-01,4,48,15.52,144.36,53.94
2024-02-01,8,171,61.41,710.45,240.17
2024-02-01,17,134,44.04,407.87,148.69
2024-02-01,16,43,15.31,137.97,54.54
2024-02-01,11,48,15.5,147.95,44.95
2024-02-01,17,93,30.63,353.14,67.73
2024-02-02,12,101,36.6,392.33,76.24
2024-02-02,11,143,45.26,415.76,122.17
2024-02-02,15,149,53.56,596.44,145.14
2024-02-02,5,19,9.89,89.61,20.2
2024-02-02,16,95,33.82,310.56,119.68
2024-02-02,9,63,18.42,152.43,72.18
2024-02-02,18,24,5.36,59.99,13.86
2024-02-03,8,16,9.7,106.63,35.15
2024-02-03,2,25,13.73,112.25,30.51
2024-02-03,18,167,58.25,556.53,135.56
2024-02-03,20,172,50.94,596.73,170.77
2024-02-03,19,127,38.31,431.53,142.62
2024-02-03,17,26,11.41,133.17,28.57
2024-02-03,13,163,50.45,414.49,133.2
2024-02-03,11,103,35.04,411.65,73.1
2024-02-03,18,16,6.53,73.63,15.85
2024-02-03,19,165,53.05,602.75,183.84
2024-02-03,11,179,60.39,554.99,189.02
2024-02-04,7,122,48.47,511.14,170.73
2024-02-04,15,150,49.25,442.58,170.05
2024-02-04,1,146,48.61,408.15,136.25
2024-02-04,10,112,38.12,416.69,123.19
2024-02-04,2,126,37.8,420.89,117.49
2024-02-04,10,104,35.6,286.4,124.58
2024-02-04,20,89,30.62,337.64,112.82
2024-02-04,6,70,20.12,191.97,66.13
2024-02-05,10,38,12.68,112.49,28.86
2024-02-05,6,68,18.09,202.18,39.54
2024-02-05,7,18,9.79,98.27,33.74
2024-02-05,5,94,33.54,275.37,99.71
2024-02-05,18,161,50.69,460.2,185.01
2024-02-05,17,77,29.01,314.25,103.79
2024-02-05,19,108,34.05,317.12,97.66
2024-02-05,18,77,27.11,296.62,108.34
2024-02-05,13,175,54.24,525.28,177.48
2024-02-05,16,61,19.65,223.25,54.4
2024-02-05,9,104,31.79,329.04,75.31
2024-02-05,10,64,22.87,236.53,72.56
2024-02-05,6,95,29.1,341.02,103.75
2024-02-06,19,49,19.43,220.9,46.1
2024-02-06,17,163,53.75,528.5,159.41
2024-02-06,6,104,35.28,352.34,101.39
2024-02-06,4,84,26.86,221.07,65.83
2024-02-06,12,71,25.96,307.07,55.51
2024-02-06,12,120,43.68,398.75,110.22
2024-02-06,3,28,6.81,75.19,19.75
2024-02-07,13,84,25.23,208.45,75.07
2024-02-07,11,98,35.83,336.18,94.24
2024-02-07,7,84,34.1,395.54,69.69
2024-02-07,11,162,57.48,640.94,186.74
2024-02-07,5,72,22.87,272.56,52.37
2024-02-07,5,63,22.4,233.72,60.46
2024-02-07,9,175,58.23,501.04,142.69
2024-02-07,10,85,29.74,354.6,73.01
2024-02-07,11,100,39.08,398.41,126.06
2024-02-08,14,112,33.53,395.13,124.08
2024-02-08,2,88,29.16,287.2,82.33
2024-02-08,7,100,36.17,305.53,98.08
2024-02-08,3,77,23.6,235.73,63.23
2024-02-08,20,168,59.49,599.47,143.35
2024-02-08,15,130,41.03,471.1,101.65
2024-02-08,9,72,25.1,256.29,54.93
2024-02-09,3,58,24.1,244.71,72.19
2024-02-09,6,37,11.05,122.73,43.43
2024-02-09,12,88,32.78,274.56,88.94
2024-02-09,9,178,56.5,597.28,135.14
2024-02-09,14,118,35.96,362.52,104.12
2024-02-09,6,26,9.81,92.7,37.21
2024-02-09,11,54,14.64,146.85,46.81
2024-02-09,8,115,40.68,376.39,146.33
2024-02-09,14,33,12.7,146.46,45.82
2024-02-09,14,133,44.09,526.33,147.09
2024-02-09,13,176,60.02,520.04,225.92
2024-02-10,5,39,11.49,109.38,45.36
2024-02-10,9,130,45.01,525.39,99.99
2024-02-10,12,135,48.95,481.54,132.93
2024-02-10,2,145,47.98,552.69,146.38
2024-02-10,16,35,9.87,114.72,34.35
2024-02-10,18,72,28.92,302.39,83.04
2024-02-10,17,83,28.95,261.05,59.71
2024-02-10,16,176,59.81,556.3,201.73
2024-02-10,15,162,55.76,508.37,183.21
2024-02-11,4,167,54.24,480.7,147.58
2024-02-11,3,71,26.75,314.43,100.12
2024-02-11,7,151,46.38,517.35,154.45
2024-02-11,18,129,43.82,448.77,97.36
2024-02-11,14,52,19.28,171.77,53.29
2024-02-11,3,161,52.06,570.57,199.71
2024-02-11,16,97,32.06,381.25,117.09
2024-02-11,19,42,11.19,126.69,28.69
2024-02-11,15,156,55.26,490.35,123.81
2024-02-11,4,44,14.92,136.34,54.46
2024-02-11,3,92,28.93,317.4,60.64
2024-02-11,4,22,6.26,58.62,24.91
2024-02-11,16,76,27.72,309.82,57.35
2024-02-12,3,25,6.13,69.45,19.61
2024-02-12,1,151,50.44,538.55,184.54
2024-02-12,1,22,1.0,9.27,2.87
2024-02-12,15,29,11.7,121.77,44.29
2024-02-12,8,35,15.33,165.75,37.94
2024-02-12,7,106,40.58,341.58,112.37
2024-02-12,13,81,28.27,294.11,98.59
2024-02-12,1,86,29.1,306.57,62.32
2024-02-12,18,159,53.32,620.07,132.11
2024-02-12,10,107,34.26,338.88,111.17
2024-02-12,14,49,12.47,129.23,38.33
2024-02-13,17,60,12.11,99.24,44.39
2024-02-13,20,138,45.07,439.62,109.84
2024-02-13,10,121,34.95,285.81,89.32
2024-02-13,5,63,18.34,172.06,55.3
2024-02-13,9,53,18.47,184.25,62.89
2024-02-13,19,153,49.8,477.03,141.62
2024-02-14,12,86,26.71,310.63,91.56
2024-02-14,12,175,56.88,513.69,120.54
2024-02-14,15,98,33.11,355.78,73.79
2024-02-14,1,141,44.99,467.23,139.43
2024-02-14,17,90,30.8,256.3,83.46
2024-02-14,7,16,9.01,85.15,28.73
2024-02-14,10,156,55.47,584.91,212.26
2024-02-14,7,42,15.35,168.35,46.99
2024-02-15,3,158,49.44,591.58,179.97
2024-02-15,9,26,8.28,85.37,17.29
2024-02-15,17,141,41.35,387.6,143.02
2024-02-15,6,42,17.14,164.85,36.95
2024-02-15,9,136,44.33,459.28,108.71
2024-02-15,3,170,61.15,513.42,231.12
2024-02-15,4,138,47.37,509.42,130.23
2024-02-15,5,21,4.11,33.27,13.52
2024-02-15,3,140,45.38,471.18,99.94
2024-02-15,5,150,46.3,553.35,134.63
2024-02-15,4,127,40.56,347.25,120.5
2024-02-15,3,89,24.36,225.44,55.9
2024-02-15,10,136,40.98,346.88,160.31
2024-02-16,5,49,17.05,192.8,67.66
2024-02-16,13,73,27.05,320.34,75.16
2024-02-16,13,36,8.42,85.99,25.96
2024-02-16,19,145,48.76,449.07,122.82
2024-02-16,19,99,29.22,346.66,91.02
2024-02-16,19,143,45.07,465.22,102.69
2024-02-17,3,155,51.05,490.45,203.58
2024-02-17,18,118,46.34,431.08,166.12
2024-02-17,19,179,57.59,657.06,197.04
2024-02-17,19,78,27.36,283.83,87.52
2024-02-17,13,61,19.25,215.13,49.11
2024-02-17,14,26,9.51,112.93,37.06
2024-02-17,16,122,44.04,456.08,121.15
2024-02-17,6,89,29.51,260.09,103.99
2024-02-17,15,169,49.93,514.7,186.28
2024-02-17,14,96,41.41,404.77,132.7
2024-02-17,15,18,5.68,68.07,12.04
2024-02-17,13,95,35.84,378.48,93.07
2024-02-17,8,161,50.36,409.08,198.57
2024-02-17,16,128,40.12,397.45,135.41
2024-02-18,11,81,24.68,227.01,67.07
2024-02-18,2,166,56.55,618.27,172.9
2024-02-18,15,177,57.39,462.43,199.48
2024-02-18,5,15,7.57,62.65,15.23
2024-02-18,8,147,50.4,581.5,171.36
2024-02-18,8,37,13.79,137.23,29.72
2024-02-18,4,172,63.66,656.23,216.16
2024-02-18,13,75,27.35,229.87,102.25
2024-02-18,2,159,57.37,621.17,120.49
2024-02-18,2,27,9.01,96.11,21.82
2024-02-18,2,53,12.89,110.96,32.64
2024-02-18,7,67,20.06,228.07,62.15
2024-02-18,13,35,10.45,115.32,24.82
2024-02-19,10,24,3.85,43.47,11.98
2024-02-19,20,174,50.43,450.77,131.44
2024-02-19,15,36,17.4,178.43,38.98
2024-02-19,8,26,3.17,27.03,10.32
2024-02-19,11,119,39.58,435.19,104.31
2024-02-19,17,107,34.68,393.91,69.63
2024-02-19,5,135,45.47,378.77,175.58
2024-02-19,1,121,42.52,393.45,152.13
2024-02-19,15,65,20.2,196.67,77.17
2024-02-19,16,70,23.14,220.97,75.55
2024-02-19,10,37,18.28,164.82,68.56
2024-02-19,5,175,56.36,603.29,219.12
2024-02-19,9,35,10.49,103.82,34.27
2024-02-19,5,56,18.66,177.99,69.62
2024-02-20,3,61,17.42,147.12,56.95
2024-02-20,3,119,43.37,494.5,105.13
2024-02-20,9,180,59.04,583.85,222.01
2024-02-20,1,114,40.91,375.63,93.0
2024-02-20,7,50,21.47,235.23,56.5
2024-02-20,12,163,53.3,549.91,115.7
2024-02-20,11,27,14.89,122.61,33.11
2024-02-20,10,67,24.56,197.89,67.73
2024-02-20,2,95,30.13,256.0,85.18
2024-02-21,3,125,43.64,395.7,150.56
2024-02-21,4,136,44.51,448.46,149.32
2024-02-21,20,133,46.48,468.75,183.69
2024-02-21,10,176,60.82,530.78,174.62
2024-02-21,1,69,16.52,156.68,33.08
2024-02-21,11,131,44.43,470.36,175.44
2024-02-22,15,65,23.68,232.8,66.2
2024-02-22,4,118,41.36,341.78,101.61
2024-02-22,2,170,54.55,582.91,172.61
2024-02-22,8,151,50.21,449.67,153.7
2024-02-22,20,89,25.89,227.37,59.06
2024-02-22,10,59,17.82,162.23,70.62
2024-02-22,8,118,42.7,503.44,114.21
2024-02-22,15,173,59.22,641.4,125.81
2024-02-23,17,128,39.4,466.16,120.54
2024-02-23,15,75,24.53,289.39,96.28
2024-02-23,6,52,13.41,131.89,41.86
2024-02-23,6,107,36.24,359.71,137.55
2024-02-23,12,175,51.21,544.65,113.56
2024-02-23,4,113,39.46,394.34,111.02
2024-02-23,12,153,53.47,465.42,129.82
2024-02-23,18,168,55.76,449.23,204.01
2024-02-23,2,31,10.41,124.02,36.6
2024-02-23,13,120,41.72,413.31,143.36
2024-02-23,15,108,40.18,347.57,125.76
2024-02-24,12,151,53.86,610.85,192.21
2024-02-24,10,118,40.74,341.48,116.42
2024-02-24,3,122,42.81,455.9,95.76
2024-02-24,9,169,56.31,565.98,166.86
2024-02-24,3,162,55.85,615.25,214.27
2024-02-24,17,117,33.4,372.42,83.57
2024-02-24,20,105,38.02,367.39,140.48
2024-02-24,1,72,21.59,255.29,49.57
2024-02-24,13,82,29.57,305.37,84.97
2024-02-24,19,163,59.18,540.36,160.16
2024-02-24,15,85,28.65,326.09,80.26
2024-02-24,14,146,44.41,400.64,115.09
2024-02-25,16,117,39.64,322.33,129.71
2024-02-25,4,136,45.37,437.23,164.31
2024-02-25,8,178,61.46,662.22,217.71
2024-02-25,10,18,1.0,9.7,2.08
2024-02-25,9,71,24.63,255.16,52.27
2024-02-25,6,115,35.73,314.97,72.19
2024-02-25,20,17,7.6,87.68,16.0
2024-02-26,4,90,32.04,351.38,118.44
2024-02-26,18,44,11.22,104.36,38.43
2024-02-26,19,140,42.54,470.03,131.22
2024-02-26,8,30,8.61,71.56,26.59
2024-02-26,10,46,16.77,173.36,65.49
2024-02-27,10,31,8.63,89.76,22.37
2024-02-27,5,116,40.81,354.54,160.97
2024-02-27,2,118,42.21,368.14,92.72
2024-02-27,6,15,3.75,30.44,7.88
2024-02-27,9,155,54.49,482.46,181.48
2024-02-27,3,95,34.84,357.06,135.68
2024-02-27,1,95,34.48,328.31,80.2
2024-02-27,4,160,54.1,566.1,199.45
2024-02-28,4,73,23.36,233.74,79.73
2024-02-28,1,97,27.0,268.07,60.39
2024-02-28,16,78,24.04,260.97,93.86
2024-02-28,16,137,46.23,495.04,150.24
2024-02-28,2,134,45.36,510.97,136.21
2024-02-28,8,21,8.28,94.4,32.81
2024-02-29,19,86,28.12,230.77,87.1
2024-02-29,11,147,52.75,492.48,182.8
2024-02-29,14,83,23.12,191.29,82.49
2024-02-29,18,126,45.71,378.89,110.2
2024-02-29,7,47,12.18,128.75,40.73
2024-02-29,15,28,11.35,118.07,45.17
2024-02-29,18,77,27.65,268.99,109.52
2024-02-29,10,31,10.67,127.17,33.2
2024-02-29,18,85,25.52,231.1,61.51
2024-02-29,3,16,8.18,97.11,26.23
2024-02-29,7,171,53.14,621.87,113.55
2024-02-29,9,162,59.02,625.26,149.61
2024-03-01,2,164,58.69,696.04,146.82
2024-03-01,10,87,31.46,291.02,79.97
2024-03-01,2,171,61.61,535.81,137.65
2024-03-01,10,67,21.69,224.48,73.79
2024-03-01,13,42,14.83,155.87,41.1
2024-03-01,7,63,23.1,205.21,79.74
2024-03-01,14,120,40.2,440.51,97.66
2024-03-01,6,159,58.1,540.79,219.62
2024-03-02,15,29,9.63,108.47,29.12
2024-03-02,19,106,40.04,359.06,137.25
2024-03-02,8,53,21.54,189.47,80.87
2024-03-02,20,61,20.11,162.16,43.32
2024-03-02,2,54,17.27,162.71,49.22
2024-03-02,1,89,24.51,228.73,92.4
2024-03-03,19,178,63.16,740.9,195.06
2024-03-03,14,145,52.58,575.89,160.01
2024-03-03,19,87,31.04,273.96,111.74
2024-03-03,7,127,41.07,472.12,134.55
2024-03-03,6,178,63.42,643.1,145.16
2024-03-03,15,106,35.34,393.72,113.01
2024-03-03,13,18,1.0,10.36,2.82
2024-03-03,11,68,25.6,206.0,72.14
2024-03-03,6,52,14.31,120.92,43.41
2024-03-03,17,106,37.7,424.42,127.07
2024-03-04,3,83,28.69,230.41,110.42
2024-03-04,10,37,14.91,123.82,55.83
2024-03-04,13,69,20.4,180.83,73.82
2024-03-04,5,50,12.51,113.65,30.81
2024-03-04,17,75,29.35,280.88,91.17
2024-03-04,3,53,18.77,200.98,68.99
2024-03-04,16,172,56.39,550.22,181.65
2024-03-04,15,179,64.45,614.81,191.98
2024-03-04,13,159,51.08,560.0,190.33
2024-03-04,5,148,47.3,480.87,127.27
2024-03-05,11,174,60.89,704.09,151.19
2024-03-05,10,129,43.32,451.84,107.89
2024-03-05,15,141,42.42,379.08,103.46
2024-03-05,8,121,34.06,330.89,104.96
2024-03-05,10,171,61.24,612.41,172.93
2024-03-05,1,176,58.54,686.82,168.49
2024-03-05,17,85,34.13,288.62,120.46
2024-03-05,3,21,8.61,98.43,28.82
2024-03-05,3,43,18.34,192.78,61.93
2024-03-05,16,39,15.75,173.37,46.14
2024-03-05,16,122,43.89,409.66,157.25
2024-03-05,14,171,58.0,668.77,170.1
2024-03-05,14,44,13.77,145.88,27.97
2024-03-05,16,150,49.17,499.94,193.55
2024-03-06,20,71,26.49,315.93,76.84
2024-03-06,13,59,17.41,190.11,56.02
2024-03-06,4,74,24.39,265.58,80.8
2024-03-06,11,110,36.04,289.08,130.07
2024-03-06,15,62,27.0,223.15,95.38
2024-03-06,5,126,44.25,445.72,100.93
2024-03-06,5,58,21.21,232.6,49.62
2024-03-06,9,141,47.89,557.1,168.45
2024-03-07,3,35,13.06,138.61,49.33
2024-03-07,5,76,25.06,272.25,63.69
2024-03-07,8,118,35.68,330.25,88.6
2024-03-07,2,108,37.2,408.53,115.9
2024-03-07,2,154,53.3,521.03,154.65
2024-03-07,17,142,52.23,550.82,182.6
2024-03-07,1,170,63.93,629.83,163.45
2024-03-07,4,149,52.21,587.89,185.67
2024-03-07,6,98,28.97,321.4,101.27
2024-03-07,1,42,13.43,121.64,38.02
2024-03-08,3,93,26.54,271.47,55.15
2024-03-08,18,148,45.26,455.17,157.16
2024-03-08,7,118,38.37,409.25,83.97
2024-03-08,8,89,31.44,373.19,114.87
2024-03-08,12,57,21.69,254.46,78.12
2024-03-08,10,123,48.35,445.58,127.46
2024-03-09,3,163,50.8,565.7,159.14
2024-03-09,16,49,17.05,157.49,38.63
2024-03-09,11,113,39.12,459.79,110.69
2024-03-09,10,97,32.77,361.33,94.52
2024-03-09,10,75,25.07,239.61,61.62
2024-03-09,19,101,34.77,307.59,138.77
2024-03-09,12,64,15.03,159.32,54.25
2024-03-09,20,180,58.22,571.69,195.02
2024-03-09,18,134,45.04,529.94,105.15
2024-03-09,5,101,37.01,392.06,94.39
2024-03-09,19,79,29.57,311.74,94.57
2024-03-09,15,118,38.14,407.0,140.16
2024-03-09,14,162,59.46,638.69,121.89
2024-03-09,11,26,14.38,167.45,47.15
2024-03-10,13,80,25.28,260.11,64.56
2024-03-10,4,40,12.08,125.3,41.12
2024-03-10,8,172,58.08,677.37,187.75
2024-03-10,16,76,25.46,303.08,85.72
2024-03-10,9,177,66.69,587.0,162.21
2024-03-10,17,133,46.08,511.65,103.95
2024-03-11,7,67,22.8,271.41,82.87
2024-03-11,10,108,37.48,418.2,106.16
2024-03-11,2,34,5.8,47.65,22.52
2024-03-11,20,29,4.56,51.04,12.1
2024-03-11,8,107,34.28,306.11,77.45
2024-03-11,7,42,18.11,149.39,43.84
2024-03-11,4,96,28.58,267.85,106.6
2024-03-11,2,45,16.72,187.51,38.02
2024-03-11,6,24,2.64,26.48,6.05
2024-03-11,3,126,42.35,413.63,168.06
2024-03-11,10,71,23.36,253.75,59.9
2024-03-11,2,23,6.05,61.61,24.09
2024-03-11,17,157,49.06,431.56,102.53
2024-03-11,7,27,5.45,54.24,18.97
2024-03-12,12,52,15.84,179.78,43.12
2024-03-12,3,62,15.56,152.69,54.83
2024-03-12,8,155,48.89,565.18,177.76
2024-03-12,6,91,29.28,309.75,72.02
2024-03-12,7,86,36.72,348.43,122.04
2024-03-12,6,180,59.35,677.6,176.95
2024-03-12,2,164,55.36,576.55,174.55
2024-03-12,8,76,24.28,271.75,66.41
2024-03-13,12,73,21.35,242.92,76.67
2024-03-13,20,103,41.77,432.57,146.34
2024-03-13,13,141,53.8,559.6,113.36
2024-03-13,20,95,31.24,293.82,68.34
2024-03-13,8,123,37.45,441.09,120.58
2024-03-13,15,27,2.29,25.24,5.28
2024-03-13,2,159,46.64,504.45,180.5
2024-03-13,18,108,42.07,464.95,87.97
2024-03-13,17,130,42.49,453.77,124.77
2024-03-13,12,67,16.08,182.63,37.33
2024-03-13,3,89,34.84,341.31,86.23
2024-03-13,15,154,49.62,517.74,127.14
2024-03-14,12,79,27.32,285.32,65.56
2024-03-14,19,153,56.74,501.73,176.62
2024-03-14,8,165,57.59,674.37,157.33
2024-03-14,6,179,58.37,487.4,149.75
2024-03-14,19,153,55.69,510.72,148.39
2024-03-14,2,77,26.03,270.39,86.06
2024-03-14,6,42,12.8,145.78,49.83
2024-03-14,19,82,29.36,274.83,85.49
2024-03-14,17,119,38.93,365.46,111.78
2024-03-14,19,113,36.38,414.68,79.24
2024-03-14,16,54,15.54,157.93,61.68
2024-03-15,16,128,39.38,467.54,113.94
2024-03-15,2,81,27.9,250.68,82.07
2024-03-15,10,87,31.47,324.55,119.88
2024-03-15,5,41,16.11,132.5,32.45
2024-03-15,12,119,36.82,353.83,138.78
2024-03-15,20,154,56.58,658.35,148.67
2024-03-15,16,143,52.68,619.53,168.97
2024-03-15,20,130,42.03,356.36,145.82
2024-03-15,1,130,43.15,396.93,137.73
2024-03-15,14,39,7.45,64.48,16.63
2024-03-15,5,84,27.17,297.0,90.13
2024-03-15,18,163,56.48,637.3,176.96
2024-03-15,3,54,13.04,104.85,47.62
2024-03-16,5,136,42.45,437.58,124.3
2024-03-16,13,116,43.22,351.34,143.37
2024-03-16,12,90,31.81,365.53,113.83
2024-03-16,8,139,40.61,333.06,85.51
2024-03-16,12,143,45.09,443.27,110.6
2024-03-16,15,143,49.12,463.58,179.16
2024-03-16,17,36,7.36,72.91,19.88
2024-03-16,8,31,7.1,59.2,20.82
2024-03-16,14,20,4.76,48.82,11.25
2024-03-16,8,157,51.1,502.64,133.19
2024-03-16,3,74,28.13,238.38,108.79
2024-03-16,17,165,53.47,529.49,150.55
2024-03-17,6,73,24.44,259.66,96.34
2024-03-17,17,28,8.01,71.77,24.24
2024-03-17,11,177,60.65,503.82,164.32
2024-03-17,4,177,62.48,703.41,201.41
2024-03-17,17,85,27.32,246.5,60.44
2024-03-17,4,155,58.67,534.59,142.79
2024-03-17,4,54,23.87,205.9,87.22
2024-03-17,4,104,30.12,301.53,104.32
2024-03-17,9,59,20.63,234.08,43.33
2024-03-18,12,129,38.45,351.52,83.92
2024-03-18,6,160,50.35,411.43,179.33
2024-03-18,7,74,27.51,292.5,55.46
2024-03-18,14,122,40.26,383.13,154.21
2024-03-18,10,160,54.25,493.54,206.32
2024-03-18,6,126,37.16,428.75,115.9
2024-03-19,10,153,54.01,502.13,133.28
2024-03-19,19,147,52.25,597.2,190.25
2024-03-19,3,36,11.07,115.97,32.2
2024-03-19,10,17,2.76,33.09,6.57
2024-03-19,14,32,12.0,106.66,31.37
2024-03-19,2,126,38.54,376.54,138.54
2024-03-19,10,72,27.25,223.71,63.2
2024-03-19,16,24,6.3,56.3,12.9
2024-03-19,13,149,48.55,557.0,187.04
2024-03-20,10,68,21.14,187.23,60.05
2024-03-20,19,32,11.97,141.07,42.65
2024-03-20,11,62,22.68,244.76,61.88
2024-03-20,4,144,48.17,494.46,168.75
2024-03-20,15,133,42.19,430.28,88.64
2024-03-20,12,155,52.96,471.23,129.87
2024-03-20,8,83,29.08,243.07,69.39
2024-03-20,15,90,26.98,251.64,89.72
2024-03-20,20,138,43.08,475.46,148.85
2024-03-20,15,33,9.05,83.1,34.57
2024-03-20,20,39,11.1,100.69,30.21
2024-03-20,16,160,58.04,509.2,190.54
2024-03-21,4,36,9.42,88.08,24.72
2024-03-21,9,161,56.25,627.91,128.38
2024-03-21,4,64,22.35,214.34,51.7
2024-03-21,11,179,60.4,511.57,141.23
2024-03-21,3,99,24.14,276.76,62.26
2024-03-21,2,130,49.68,529.62,149.1
2024-03-21,16,60,17.14,138.73,49.01
2024-03-21,1,153,55.41,446.86,201.51
2024-03-21,17,106,36.22,318.01,119.68
2024-03-21,10,144,48.85,402.73,125.82
2024-03-21,18,89,37.16,423.13,98.42
2024-03-21,10,41,18.67,200.31,58.82
2024-03-21,20,180,64.57,553.59,131.51
2024-03-21,10,56,20.52,225.51,50.02
2024-03-22,5,36,8.05,68.34,27.4
2024-03-22,9,94,30.47,357.03,81.18
2024-03-22,12,104,28.32,228.13,61.27
2024-03-22,2,34,15.92,170.22,54.91
2024-03-22,2,173,57.38,643.93,160.42
2024-03-22,15,26,5.16,41.82,14.07
2024-03-22,14,92,31.63,359.31,71.33
2024-03-22,2,142,49.98,598.6,160.47
2024-03-22,1,178,61.44,642.53,194.29
2024-03-22,13,137,43.26,422.63,90.19
2024-03-22,12,158,51.54,598.43,189.39
2024-03-22,7,60,17.72,170.25,61.27
2024-03-22,14,93,31.86,368.47,64.59
2024-03-23,3,31,6.88,57.55,24.97
2024-03-23,13,49,16.87,195.58,52.39
2024-03-23,2,83,23.5,196.93,61.8
2024-03-23,11,68,20.88,204.14,63.98
2024-03-23,16,113,37.4,347.03,110.43
2024-03-23,1,95,34.6,344.47,128.68
2024-03-23,8,43,11.37,124.6,37.91
2024-03-23,12,123,45.26,408.52,163.29
2024-03-23,19,33,13.24,115.76,27.15
2024-03-23,20,125,45.99,481.39,170.14
2024-03-23,19,56,13.25,121.77,33.85
2024-03-23,9,34,11.92,126.44,43.68
2024-03-23,19,26,6.41,52.55,16.62
2024-03-24,11,52,17.2,173.59,43.75
2024-03-24,6,130,46.07,534.09,166.78
2024-03-24,20,132,39.36,455.61,84.6
2024-03-24,7,75,22.9,269.47,70.07
2024-03-24,16,135,48.49,577.03,177.77
2024-03-25,20,132,45.88,491.12,119.95
2024-03-25,9,37,12.89,119.54,40.73
2024-03-25,19,111,33.25,353.51,132.84
2024-03-25,16,172,57.4,675.25,214.98
2024-03-25,14,116,43.42,424.1,143.12
2024-03-25,6,78,22.65,254.89,87.89
2024-03-25,17,88,36.67,378.66,102.78
2024-03-25,20,175,56.71,482.42,157.84
2024-03-25,2,18,3.48,28.65,10.8
2024-03-25,18,49,18.36,155.46,46.06
2024-03-25,4,137,48.31,415.14,113.24
2024-03-25,16,113,42.75,367.87,122.49
2024-03-25,4,179,61.18,692.21,132.18
2024-03-26,11,80,31.13,327.54,113.87
2024-03-26,18,104,35.25,299.56,132.21
2024-03-26,13,148,49.04,533.93,102.02
2024-03-26,19,115,39.53,413.94,106.08
2024-03-26,12,43,12.87,117.35,29.13
2024-03-26,15,16,1.54,12.65,4.92
2024-03-26,11,180,64.59,572.59,186.35
2024-03-26,11,82,25.41,254.48,54.29
2024-03-26,2,141,44.55,468.91,158.98
2024-03-26,16,109,43.15,383.26,140.3
2024-03-26,9,164,57.33,472.34,183.97
2024-03-27,10,67,17.7,188.79,38.24
2024-03-27,15,145,48.73,425.8,117.18
2024-03-27,15,49,15.95,160.25,47.32
2024-03-27,8,22,5.65,64.18,12.95
2024-03-27,4,99,33.14,334.16,132.22
2024-03-27,9,74,23.38,211.16,52.06
2024-03-27,7,29,11.49,133.43,35.05
2024-03-27,12,15,6.57,61.27,20.89
2024-03-27,8,127,37.42,352.97,148.9
2024-03-27,15,39,13.36,114.49,36.93
2024-03-27,14,42,17.46,168.38,52.02
2024-03-27,8,82,31.49,274.25,69.18
2024-03-27,3,168,60.59,561.16,168.82
2024-03-28,13,39,14.99,123.02,48.51
2024-03-28,18,80,23.86,222.59,85.03
2024-03-28,13,128,43.3,455.14,142.67
2024-03-28,19,49,19.92,235.93,68.92
2024-03-28,9,65,18.32,200.74,59.07
2024-03-28,19,96,30.19,329.82,82.84
2024-03-28,20,140,49.14,404.87,166.31
2024-03-28,2,141,50.84,488.61,154.51
2024-03-28,16,42,7.35,78.65,20.52
2024-03-28,14,86,32.77,325.59,92.96
2024-03-28,13,160,49.83,513.34,115.74
2024-03-28,7,165,51.81,428.81,189.37
2024-03-29,19,149,47.52,528.51,148.64
2024-03-29,6,105,36.84,412.11,127.85
2024-03-29,16,59,25.0,248.84,56.67
2024-03-29,5,131,44.16,385.53,116.49
2024-03-29,9,148,48.23,560.96,119.85
2024-03-30,6,89,31.59,274.74,92.97
2024-03-30,19,160,53.7,583.08,146.25
2024-03-30,13,49,16.22,131.22,60.39
2024-03-30,11,103,34.48,319.46,112.2
2024-03-30,19,39,13.96,143.65,32.97
2024-03-30,2,94,31.92,280.68,79.59
2024-03-30,2,103,40.71,395.11,131.52
2024-03-30,16,53,21.66,235.93,76.79
2024-03-30,20,32,8.51,95.71,17.26
2024-03-30,8,23,2.98,27.5,7.7
2024-03-30,17,30,11.99,129.79,39.86
2024-03-30,15,160,47.55,548.87,172.7
2024-03-31,4,123,38.08,438.64,79.91
2024-03-31,14,23,10.69,91.39,21.4
2024-03-31,5,56,18.67,199.73,46.26
2024-03-31,9,66,25.45,255.76,85.54
2024-03-31,7,54,13.38,154.46,30.81
2024-03-31,18,34,7.15,68.47,16.17
2024-03-31,2,167,57.26,505.45,172.29
2024-03-31,3,96,36.87,325.4,96.83
2024-03-31,5,73,24.37,284.73,88.3
2024-03-31,9,82,26.66,298.07,70.58
2024-03-31,3,28,4.81,39.67,14.29
2024-03-31,8,86,25.2,209.87,80.62
2024-04-01,19,56,21.01,241.27,75.0
2024-04-01,4,167,55.92,651.3,122.74
2024-04-01,6,43,13.15,140.41,32.38
2024-04-01,19,140,46.21,427.37,166.58
2024-04-01,6,92,28.17,302.29,69.62
2024-04-01,8,34,11.01,100.79,39.25
2024-04-01,7,151,50.44,420.02,166.12
2024-04-01,3,137,46.17,487.29,120.71
2024-04-01,7,41,15.28,161.16,42.85
2024-04-01,5,141,49.94,494.8,179.07
2024-04-01,16,17,3.89,44.14,12.99
2024-04-01,17,138,46.94,511.76,104.46
2024-04-01,18,93,30.39,347.95,74.94
2024-04-01,15,145,46.59,490.02,173.63
2024-04-01,2,110,36.4,299.38,91.41
2024-04-02,14,135,45.39,394.3,105.99
2024-04-02,7,173,57.01,470.46,159.25
2024-04-02,2,115,35.37,376.83,112.87
2024-04-02,20,99,36.72,425.27,136.12
2024-04-02,17,31,9.29,84.58,19.43
2024-04-02,4,99,36.66,338.96,135.32
2024-04-02,5,162,56.39,451.48,155.23
2024-04-03,5,80,28.1,243.69,62.97
2024-04-03,14,111,39.04,425.37,150.6
2024-04-03,1,15,5.1,47.93,14.03
2024-04-03,1,42,10.87,97.2,38.05
2024-04-03,6,76,29.09,272.44,84.03
2024-04-04,7,93,29.66,328.96,99.14
2024-04-04,2,72,25.94,236.53,92.48
2024-04-04,4,63,15.42,176.3,33.85
2024-04-04,14,23,9.66,90.32,35.31
2024-04-04,6,86,27.01,249.32,67.04
2024-04-04,15,97,30.3,269.55,82.62
2024-04-04,11,140,46.33,462.03,123.26
2024-04-04,2,45,18.81,225.2,49.45
2024-04-04,15,124,38.41,447.94,131.96
2024-04-04,19,71,25.12,255.7,54.16
2024-04-04,19,143,46.26,415.81,172.07
2024-04-04,12,137,50.38,591.38,192.36
2024-04-05,7,85,28.54,285.82,107.22
2024-04-05,13,92,37.08,400.56,88.56
2024-04-05,17,154,47.54,531.8,165.4
2024-04-05,20,143,48.16,402.1,132.66
2024-04-05,13,111,33.41,272.63,85.14
2024-04-05,7,93,30.6,250.06,72.15
2024-04-05,5,75,26.24,262.75,95.98
2024-04-06,16,101,32.37,320.88,114.46
2024-04-06,3,101,40.67,428.36,117.96
2024-04-06,9,165,57.16,616.52,219.95
2024-04-06,9,15,6.63,67.91,22.15
2024-04-06,6,117,42.42,456.22,131.66
2024-04-06,17,111,38.25,336.13,94.68
2024-04-06,10,65,25.22,271.94,68.72
2024-04-07,17,78,31.02,306.38,111.74
2024-04-07,2,141,50.89,412.27,172.01
2024-04-07,1,88,26.01,283.56,70.77
2024-04-07,6,55,16.72,194.73,33.65
2024-04-07,9,82,26.54,310.64,61.67
2024-04-08,16,108,37.99,386.97,143.18
2024-04-08,10,123,38.58,443.9,133.39
2024-04-08,20,115,34.46,398.4,76.84
2024-04-08,4,96,33.29,333.15,105.4
2024-04-08,15,121,39.9,398.87,97.08
2024-04-08,19,104,33.63,392.68,95.76
2024-04-08,14,106,38.66,338.7,148.23
2024-04-08,19,31,11.59,106.57,33.16
2024-04-08,3,121,41.85,499.86,149.94
2024-04-08,7,60,21.35,234.16,77.09
2024-04-08,1,63,25.03,246.72,81.06
2024-04-08,20,94,25.9,275.71,63.14
2024-04-08,14,175,57.98,513.98,228.14
2024-04-08,11,16,10.33,100.27,30.47
2024-04-08,12,58,26.13,280.14,87.09
2024-04-09,16,80,28.71,232.24,77.98
2024-04-09,13,37,9.31,102.0,34.59
2024-04-09,14,145,47.4,472.5,161.23
2024-04-09,4,92,25.09,265.75,53.6
2024-04-09,4,36,14.59,123.05,53.76
2024-04-09,19,85,34.67,306.07,128.38
2024-04-09,5,62,24.86,234.27,83.54
2024-04-09,15,145,49.88,505.84,163.14
2024-04-09,6,31,7.83,78.87,27.38
2024-04-10,11,180,61.23,596.49,239.19
2024-04-10,14,24,10.64,124.72,32.51
2024-04-10,14,48,14.9,150.92,46.62
2024-04-10,4,155,49.55,536.64,169.64
2024-04-10,4,96,33.07,365.35,105.27
2024-04-10,8,139,46.91,500.36,152.3
2024-04-10,12,87,24.24,207.16,83.78
2024-04-10,20,126,40.01,349.82,86.82
2024-04-10,12,28,10.62,119.16,24.15
2024-04-10,7,34,13.17,153.92,39.56
2024-04-10,1,168,49.77,581.38,100.73
2024-04-10,17,65,20.71,226.99,61.5
2024-04-10,10,134,44.72,467.63,110.6
2024-04-10,1,32,12.08,100.3,26.73
2024-04-11,12,62,19.7,222.85,54.29
2024-04-11,10,40,11.81,116.51,42.33
2024-04-11,20,140,51.09,520.63,198.62
2024-04-11,2,32,8.3,69.75,23.13
2024-04-11,20,49,15.17,161.07,40.98
2024-04-11,8,139,49.05,566.03,120.8
2024-04-11,20,153,51.56,519.01,132.46
2024-04-11,4,56,21.85,229.91,63.61
2024-04-11,19,37,10.09,84.59,28.64
2024-04-11,8,32,9.07,105.71,29.22
2024-04-11,13,97,35.13,359.63,106.43
2024-04-12,12,144,46.75,377.04,183.62
2024-04-12,13,16,4.09,33.29,14.28
2024-04-12,9,46,18.17,156.99,55.85
2024-04-12,11,88,26.41,244.66,97.44
2024-04-12,7,54,20.81,199.96,54.02
2024-04-12,15,99,29.29,315.88,113.91
2024-04-12,16,165,53.38,630.36,143.26
2024-04-12,4,118,38.24,311.2,110.58
2024-04-12,5,111,37.15,310.08,114.3
2024-04-12,20,42,13.46,158.05,47.15
2024-04-12,10,123,41.49,444.16,113.12
2024-04-12,10,180,57.27,618.66,202.19
2024-04-12,19,88,25.68,208.75,63.45
2024-04-12,15,19,2.04,17.95,7.96
2024-04-13,18,94,29.65,322.33,117.22
2024-04-13,12,112,36.45,418.38,86.07
2024-04-13,3,77,29.74,315.63,75.77
2024-04-13,14,18,2.66,23.88,6.88
2024-04-13,16,90,29.9,266.77,77.1
2024-04-13,1,110,33.19,273.15,105.11
2024-04-13,10,104,29.62,307.81,98.63
2024-04-13,4,73,24.74,198.66,83.71
2024-04-13,15,173,49.8,547.92,130.56
2024-04-13,11,112,37.01,349.36,113.72
2024-04-13,13,157,55.78,545.22,216.31
2024-04-13,12,172,55.04,561.3,155.99
2024-04-13,12,173,57.56,511.32,133.37
2024-04-14,20,165,55.04,504.35,161.75
2024-04-14,13,161,55.11,508.06,131.45
2024-04-14,4,114,37.41,422.08,75.36
2024-04-14,10,55,16.32,142.25,61.73
2024-04-14,10,24,5.08,44.42,10.57
2024-04-14,9,159,55.95,620.9,126.94
2024-04-14,20,54,16.75,186.5,33.85
2024-04-14,14,111,36.81,378.18,131.93
2024-04-14,4,136,45.53,529.73,162.55
2024-04-14,16,70,18.33,214.92,38.52
2024-04-14,6,39,8.06,73.47,22.65
2024-04-15,1,145,50.15,565.78,139.64
2024-04-15,8,81,24.53,202.48,52.7
2024-04-15,12,123,45.0,516.55,132.5
2024-04-15,16,129,40.6,453.75,131.96
2024-04-15,19,149,45.87,471.61,147.73
2024-04-15,20,87,34.57,377.94,137.96
2024-04-15,7,95,30.22,348.47,66.3
2024-04-15,4,167,55.65,579.48,136.59
2024-04-15,19,166,58.87,634.6,178.39
2024-04-15,19,26,9.2,102.9,24.62
2024-04-15,20,79,20.03,175.3,70.14
2024-04-15,10,61,19.44,169.69,58.83
2024-04-15,16,174,56.99,586.13,212.39
2024-04-16,7,96,32.7,355.53,89.74
2024-04-16,18,52,20.44,184.98,64.64
2024-04-16,9,49,18.74,201.67,68.87
2024-04-16,12,164,63.36,574.46,141.86
2024-04-16,6,69,22.6,212.79,59.48
2024-04-16,12,120,38.43,356.73,91.63
2024-04-16,6,138,45.8,447.83,144.4
2024-04-16,17,85,29.43,315.59,100.99
2024-04-16,7,133,44.32,529.46,113.31
2024-04-16,2,58,18.59,199.77,67.46
2024-04-16,5,174,56.67,669.49,121.58
2024-04-16,12,107,34.64,325.34,112.26
2024-04-17,2,18,6.77,61.48,23.83
2024-04-17,10,151,48.87,433.47,133.58
2024-04-17,6,18,5.33,52.08,13.88
2024-04-17,16,68,25.73,242.75,65.24
2024-04-17,8,82,24.05,214.78,78.68
2024-04-17,2,91,31.83,306.72,84.62
2024-04-18,11,36,14.81,135.9,42.84
2024-04-18,5,98,30.9,352.47,65.05
2024-04-18,13,26,1.46,13.97,4.17
2024-04-18,13,49,21.73,215.1,57.97
2024-04-18,11,140,47.18,496.63,143.3
2024-04-19,8,45,17.87,159.57,53.31
2024-04-19,2,84,28.05,260.64,70.59
2024-04-19,12,53,13.63,159.67,50.93
2024-04-19,14,84,29.81,313.45,85.78
2024-04-19,17,107,34.77,347.61,122.71
2024-04-19,1,36,10.16,114.8,22.06
2024-04-19,5,78,28.27,287.83,64.08
2024-04-19,16,58,17.83,150.1,40.85
2024-04-19,2,108,37.32,398.07,94.57
2024-04-19,5,133,41.18,451.75,135.34
2024-04-19,13,169,55.79,495.36,161.21
2024-04-20,15,67,21.42,241.73,84.38
2024-04-20,16,109,33.38,343.46,129.01
2024-04-20,19,53,18.63,150.87,63.22
2024-04-20,1,35,11.17,107.61,30.12
2024-04-20,2,105,35.82,412.52,108.47
2024-04-20,3,173,55.82,503.53,197.37
2024-04-20,11,98,32.32,365.41,109.99
2024-04-20,10,83,26.51,303.12,77.61
2024-04-20,6,173,53.5,540.4,114.06
2024-04-20,6,145,51.46,510.01,139.48
2024-04-20,13,104,31.69,293.56,71.32
2024-04-21,16,15,7.76,62.46,17.69
2024-04-21,15,109,39.63,433.89,118.98
2024-04-21,6,153,50.95,479.29,147.35
2024-04-21,7,78,22.41,235.82,45.94
2024-04-21,20,22,4.91,55.8,14.11
2024-04-21,16,23,8.27,85.41,19.62
2024-04-21,20,123,40.04,349.85,84.65
2024-04-21,9,107,39.47,367.34,106.54
2024-04-21,13,104,35.53,346.91,89.57
2024-04-21,8,147,49.96,456.4,169.25
2024-04-21,2,39,14.99,165.49,48.57
2024-04-21,10,167,61.27,681.66,208.71
2024-04-22,2,164,58.4,641.78,216.17
2024-04-22,16,79,26.19,212.98,102.35
2024-04-22,9,17,4.65,50.47,10.94
2024-04-22,12,59,20.93,209.34,80.02
2024-04-22,16,73,22.6,239.19,55.73
2024-04-22,16,29,12.24,134.84,32.05
2024-04-22,11,83,32.7,314.62,129.75
2024-04-22,18,117,38.52,348.1,144.75
2024-04-22,1,115,42.09,496.21,101.49
2024-04-23,7,174,57.85,681.67,194.02
2024-04-23,1,70,24.8,205.45,90.19
2024-04-23,4,94,35.41,303.3,80.05
2024-04-23,11,123,39.94,351.0,87.67
2024-04-23,4,82,31.37,318.41,105.23
2024-04-23,12,117,35.22,284.22,77.67
2024-04-23,17,94,27.89,270.5,74.84
2024-04-24,2,156,52.1,621.03,206.9
2024-04-24,7,16,5.98,69.65,16.55
2024-04-24,12,43,13.42,130.48,38.6
2024-04-24,3,147,50.11,451.56,106.96
2024-04-24,9,76,27.09,315.52,88.47
2024-04-24,14,167,58.29,472.84,160.32
2024-04-24,18,89,26.77,283.99,75.23
2024-04-24,10,78,26.3,306.36,61.92
2024-04-24,16,71,21.98,194.4,55.61
2024-04-24,14,111,41.36,353.31,163.56
2024-04-24,9,46,15.38,168.17,46.8
2024-04-24,18,43,12.99,108.49,34.86
2024-04-25,3,82,30.83,297.95,71.93
2024-04-25,12,177,57.3,474.47,121.09
2024-04-25,12,61,22.83,267.43,68.34
2024-04-25,14,83,32.99,360.55,77.47
2024-04-25,2,44,13.28,110.03,36.17
2024-04-25,3,155,51.96,594.21,139.75
2024-04-25,17,56,17.65,198.67,60.55
2024-04-25,11,117,38.1,402.85,97.31
2024-04-25,18,139,46.58,432.24,140.29
2024-04-25,15,87,30.84,328.7,82.87
2024-04-26,8,169,53.73,434.1,170.48
2024-04-26,19,142,49.24,540.91,112.81
2024-04-26,5,111,34.72,310.09,125.89
2024-04-26,12,86,30.59,346.23,86.6
2024-04-26,15,27,5.05,41.01,15.57
2024-04-26,1,32,12.24,115.45,48.84
2024-04-26,16,180,56.34,516.29,210.59
2024-04-26,18,180,62.38,519.44,151.93
2024-04-26,6,164,59.07,581.98,175.65
2024-04-26,12,113,40.01,393.14,91.98
2024-04-26,13,152,51.47,571.96,125.64
2024-04-26,15,66,24.16,261.88,68.55
2024-04-26,6,145,47.86,399.0,189.96
2024-04-26,6,161,55.11,494.97,189.3
2024-04-26,5,143,44.5,475.88,143.69
2024-04-27,18,26,7.97,71.7,31.7
2024-04-27,3,164,52.94,578.63,178.37
2024-04-27,14,43,11.94,115.2,29.49
2024-04-27,11,88,26.48,222.84,90.17
2024-04-27,19,16,4.51,53.8,14.89
2024-04-27,16,79,29.53,250.56,96.43
2024-04-27,18,151,47.45,401.54,175.0
2024-04-28,6,58,20.31,201.78,77.08
2024-04-28,8,145,49.8,438.45,179.8
2024-04-28,5,151,51.98,611.42,122.96
2024-04-28,17,173,63.29,510.58,248.13
2024-04-28,11,101,36.6,330.55,124.54
2024-04-29,3,16,8.35,67.28,25.77
2024-04-29,20,75,26.55,220.1,89.46
2024-04-29,2,135,44.74,384.62,147.47
2024-04-29,19,19,11.1,127.52,35.81
2024-04-29,19,49,13.96,146.69,34.99
2024-04-29,15,145,48.44,508.05,187.39
2024-04-29,5,118,37.67,383.78,116.5
2024-04-30,18,130,44.48,430.21,164.87
2024-04-30,7,103,36.09,307.31,124.14
2024-04-30,18,91,29.22,346.09,111.21
2024-04-30,15,50,15.85,147.05,55.88
2024-04-30,18,63,19.53,186.36,55.39
2024-04-30,5,74,23.43,198.41,68.1
2024-04-30,14,93,25.65,257.13,93.09
2024-04-30,17,37,14.27,144.74,39.79
2024-04-30,19,117,39.06,365.74,141.04
2024-05-01,14,47,14.65,136.72,43.71
2024-05-01,17,33,14.5,129.83,52.03
2024-05-01,5,48,13.8,123.59,53.8
2024-05-01,16,141,46.07,407.36,155.68
2024-05-01,3,30,3.85,37.68,15.13
2024-05-01,4,31,12.55,109.67,37.59
2024-05-01,20,167,57.65,466.1,163.61
2024-05-02,6,117,36.21,338.73,113.24
2024-05-02,6,59,18.6,213.87,50.32
2024-05-02,10,31,11.58,116.67,28.58
2024-05-02,16,38,14.71,149.71,37.35
2024-05-02,9,78,25.4,207.09,87.83
2024-05-03,19,172,57.48,528.88,132.36
2024-05-03,11,115,42.8,376.79,160.95
2024-05-03,11,168,58.93,621.95,200.3
2024-05-03,6,37,7.79,88.83,23.89
2024-05-03,2,137,44.04,485.61,96.47
2024-05-03,14,132,45.02,432.87,179.51
2024-05-03,11,122,38.76,319.81,92.04
2024-05-03,7,39,13.17,144.53,45.4
2024-05-03,19,62,19.84,182.61,49.56
2024-05-04,13,83,28.47,256.79,84.79
2024-05-04,9,135,43.4,492.38,131.23
2024-05-04,14,81,27.45,316.52,86.29
2024-05-04,2,16,5.52,55.19,12.26
2024-05-04,14,172,62.72,703.13,224.29
2024-05-04,19,102,36.98,411.64,143.3
2024-05-04,11,38,16.79,150.66,61.86
2024-05-04,11,170,56.83,514.33,200.86
2024-05-04,10,42,16.91,168.04,44.5
2024-05-04,8,120,41.0,367.97,158.41
2024-05-04,1,63,23.03,208.89,70.01
2024-05-04,15,40,14.48,156.76,34.46
2024-05-04,7,67,21.0,178.18,83.4
2024-05-04,18,122,44.66,520.12,138.82
2024-05-05,15,162,48.42,418.16,131.13
2024-05-05,8,81,31.81,281.93,77.69
2024-05-05,19,72,20.83,208.3,58.95
2024-05-05,9,62,21.03,243.26,54.14
2024-05-05,8,88,26.73,256.61,82.85
2024-05-05,15,175,58.12,585.74,138.38
2024-05-05,18,16,8.41,69.01,31.35
2024-05-05,8,137,47.43,391.88,146.97
2024-05-05,2,115,37.72,395.56,121.21
2024-05-05,6,141,47.72,527.25,163.55
2024-05-05,1,54,21.76,186.4,47.98
2024-05-06,8,71,22.92,251.58,90.04
2024-05-06,15,68,21.09,241.92,79.34
2024-05-06,14,166,55.08,595.58,112.55
2024-05-06,3,63,20.93,181.16,65.55
2024-05-06,5,106,36.65,411.78,99.82
2024-05-06,15,124,34.6,369.62,87.84
2024-05-06,9,47,16.1,165.99,53.06
2024-05-06,10,20,7.51,78.64,22.67
2024-05-06,1,34,9.33,81.83,36.39
2024-05-06,3,153,50.33,496.55,105.96
2024-05-06,17,25,3.96,38.36,8.67
2024-05-07,8,143,45.53,398.85,133.02
2024-05-07,12,49,20.37,230.1,57.75
2024-05-07,16,149,53.55,486.99,212.04
2024-05-07,1,72,22.33,229.52,85.8
2024-05-07,16,104,34.73,352.96,101.29
2024-05-07,13,91,28.91,285.14,71.71
2024-05-07,13,173,58.23,571.97,184.27
2024-05-07,15,47,17.14,160.32,66.35
2024-05-07,16,28,12.3,108.69,25.57
2024-05-07,13,45,18.13,209.72,62.83
2024-05-07,3,76,29.42,322.76,75.3
2024-05-07,18,100,32.82,361.07,111.16
2024-05-07,10,126,39.56,405.34,146.3
2024-05-07,8,165,54.65,557.2,196.35
2024-05-07,18,34,13.76,162.97,45.7
2024-05-08,8,180,54.98,604.41,132.87
2024-05-08,12,159,50.84,432.31,133.32
2024-05-08,16,154,53.55,599.21,135.96
2024-05-08,12,130,45.93,378.11,115.94
2024-05-08,5,158,50.35,521.78,173.35
2024-05-08,11,152,53.34,614.77,161.63
2024-05-08,6,162,51.02,433.9,156.07
2024-05-08,14,36,12.41,100.31,42.75
2024-05-08,19,92,33.54,398.24,99.55
2024-05-08,12,48,22.97,188.35,50.3
2024-05-08,14,70,24.69,237.58,51.41
2024-05-08,2,127,38.71,350.71,130.52
2024-05-08,17,73,26.75,219.94,82.3
2024-05-09,17,174,56.2,634.79,185.18
2024-05-09,9,48,17.97,182.58,62.88
2024-05-09,8,33,15.1,158.82,41.06
2024-05-09,19,61,20.21,238.56,55.94
2024-05-09,7,127,38.12,397.03,99.03
2024-05-09,14,69,22.02,178.47,53.82
2024-05-09,17,107,32.86,289.28,70.97
2024-05-09,11,87,29.45,336.25,99.13
2024-05-09,7,102,34.29,381.73,126.58
2024-05-09,7,89,24.92,283.62,86.08
2024-05-09,15,71,23.82,205.37,58.38
2024-05-09,11,43,12.61,104.25,50.41
2024-05-09,12,138,47.61,539.94,130.01
2024-05-09,13,55,20.73,239.47,60.52
2024-05-10,19,82,23.8,208.37,85.93
2024-05-10,5,75,24.88,207.63,77.59
2024-05-10,19,20,1.4,12.03,4.04
2024-05-10,1,91,24.7,223.18,50.68
2024-05-10,17,124,40.89,450.56,159.88
2024-05-10,17,100,28.88,309.15,68.72
2024-05-10,6,163,59.31,607.34,164.46
2024-05-10,7,175,58.99,689.0,149.91
2024-05-10,8,102,32.66,327.01,108.57
2024-05-10,2,93,31.02,302.42,83.1
2024-05-10,13,47,18.9,172.92,47.25
2024-05-10,14,166,58.06,576.64,161.45
2024-05-10,14,26,13.25,119.32,50.88
2024-05-10,17,54,25.15,237.98,90.88
2024-05-11,2,88,31.82,270.95,97.79
2024-05-11,12,57,17.21,184.03,52.69
2024-05-11,9,102,34.43,356.67,97.95
2024-05-11,8,65,22.39,237.54,79.7
2024-05-11,1,74,18.9,224.78,48.61
2024-05-11,6,25,12.09,117.96,43.97
2024-05-11,1,155,49.28,497.67,161.58
2024-05-12,9,142,43.01,414.08,144.3
2024-05-12,15,17,7.61,79.21,25.84
2024-05-12,11,29,12.36,108.27,46.78
2024-05-12,18,85,25.49,224.09,73.3
2024-05-12,9,102,39.66,399.94,91.2
2024-05-12,10,147,44.3,406.88,139.3
2024-05-12,1,144,51.8,477.72,111.14
2024-05-12,12,36,10.56,101.19,37.88
2024-05-12,1,38,10.85,89.56,24.56
2024-05-12,13,38,14.87,150.06,55.74
2024-05-12,2,94,33.06,363.93,67.28
2024-05-13,5,95,30.57,246.54,83.93
2024-05-13,11,145,50.36,564.73,157.33
2024-05-13,19,143,44.43,418.61,160.73
2024-05-13,2,95,36.39,346.26,94.81
2024-05-13,2,124,42.7,481.35,164.83
2024-05-14,19,114,35.94,359.14,103.41
2024-05-14,18,120,36.51,417.19,103.32
2024-05-14,19,62,16.17,148.15,57.3
2024-05-14,5,179,58.63,477.26,184.68
2024-05-14,8,139,41.8,490.51,112.42
2024-05-14,4,51,16.34,167.51,63.52
2024-05-14,18,102,34.53,395.23,102.0
2024-05-14,1,56,15.77,169.01,33.88
2024-05-15,15,83,29.09,268.16,63.22
2024-05-15,12,39,7.76,67.52,18.27
2024-05-15,2,23,4.65,40.17,10.83
2024-05-15,2,76,22.4,260.41,88.5
2024-05-15,4,93,28.29,284.19,102.23
2024-05-15,16,65,18.67,170.77,64.84
2024-05-15,18,24,7.52,74.7,22.62
2024-05-15,4,75,23.54,225.98,83.72
2024-05-16,2,138,46.58,449.11,124.18
2024-05-16,20,79,29.61,249.5,99.99
2024-05-16,15,42,13.86,116.33,42.33
2024-05-16,13,156,52.34,441.88,127.65
2024-05-16,3,75,29.09,318.76,82.98
2024-05-16,13,73,23.42,204.21,51.52
2024-05-16,17,34,11.45,94.12,35.17
2024-05-16,3,23,11.85,133.12,42.65
2024-05-16,2,57,21.26,189.98,45.07
2024-05-17,10,158,55.13,590.14,154.92
2024-05-17,16,64,21.41,249.92,81.53
2024-05-17,18,161,51.01,482.92,165.2
2024-05-17,11,34,16.49,179.31,57.54
2024-05-17,9,124,46.16,405.04,130.75
2024-05-17,4,84,31.28,284.64,119.45
2024-05-17,7,168,51.57,459.22,193.17
2024-05-17,10,37,9.39,86.62,21.64
2024-05-17,13,177,62.42,606.13,216.34
2024-05-17,2,73,20.33,178.19,71.92
2024-05-17,5,119,38.82,312.04,83.46
2024-05-18,4,113,37.48,398.71,113.25
2024-05-18,18,34,15.02,143.21,44.81
2024-05-18,8,142,42.13,451.73,156.63
2024-05-18,8,17,13.97,126.45,29.41
2024-05-18,17,159,51.51,598.25,110.21
2024-05-18,11,34,14.98,132.71,38.7
2024-05-18,11,150,51.09,428.97,185.19
2024-05-18,16,105,41.05,362.9,128.55
2024-05-18,4,153,50.7,537.2,172.17
2024-05-18,6,120,38.55,322.85,110.04
2024-05-18,19,102,33.89,314.13,119.72
2024-05-19,10,140,48.65,449.49,176.29
2024-05-19,1,156,51.02,523.73,179.93
2024-05-19,13,61,20.71,167.33,72.59
2024-05-19,11,22,7.12,82.26,23.38
2024-05-19,17,77,22.97,218.24,69.33
2024-05-19,1,44,15.07,138.52,33.95
2024-05-19,14,108,37.29,352.3,123.82
2024-05-19,7,29,10.96,90.33,30.98
2024-05-19,12,89,25.84,224.03,71.27
2024-05-19,20,102,36.21,410.57,133.42
2024-05-19,5,69,23.19,189.22,83.69
2024-05-19,16,130,41.65,448.83,96.6
2024-05-19,4,119,43.03,422.61,146.78
2024-05-19,7,125,43.84,419.45,120.0
2024-05-19,19,71,20.12,192.1,54.16
2024-05-20,15,115,39.23,352.88,79.68
2024-05-20,9,168,53.96,473.06,162.35
2024-05-20,16,23,6.96,76.26,18.23
2024-05-20,19,151,51.36,554.79,144.0
2024-05-20,15,58,19.25,165.7,64.16
2024-05-20,10,114,38.36,396.72,121.72
2024-05-20,12,154,53.14,532.58,108.18
2024-05-20,18,103,29.69,319.25,105.99
2024-05-21,14,15,4.53,51.24,11.8
2024-05-21,19,37,9.05,82.27,26.49
2024-05-21,16,47,22.19,213.36,64.79
2024-05-21,15,104,29.43,268.87,84.57
2024-05-21,15,157,52.32,451.01,123.79
2024-05-21,17,86,27.07,263.36,87.87
2024-05-21,10,107,36.56,385.67,113.82
2024-05-21,17,117,35.18,328.64,124.18
2024-05-21,15,27,15.57,125.67,51.49
2024-05-21,15,24,7.3,60.9,15.93
2024-05-21,20,142,45.07,424.89,143.55
2024-05-22,18,52,18.48,168.21,72.73
2024-05-22,12,67,20.56,204.44,68.42
2024-05-22,10,53,14.74,160.61,35.73
2024-05-22,3,57,19.23,223.69,69.4
2024-05-22,9,120,35.85,387.29,79.81
2024-05-22,13,75,29.51,304.96,63.87
2024-05-22,1,30,9.87,81.73,29.19
2024-05-22,18,121,41.29,421.85,126.11
2024-05-22,10,71,24.25,213.18,96.24
2024-05-22,9,27,11.01,108.89,34.62
2024-05-22,2,135,48.54,528.07,170.25
2024-05-22,6,123,40.33,428.39,99.95
2024-05-22,2,93,29.53,333.47,89.68
2024-05-22,15,148,51.61,563.61,145.65
2024-05-22,19,87,23.77,248.27,77.22
2024-05-23,6,92,28.04,278.49,105.81
2024-05-23,19,163,51.92,571.02,113.88
2024-05-23,13,170,54.89,526.46,145.43
2024-05-23,4,58,25.51,217.82,67.08
2024-05-23,4,88,21.62,188.17,49.51
2024-05-23,6,40,7.41,86.35,16.49
2024-05-23,18,15,6.35,64.59,14.37
2024-05-24,19,29,8.27,96.96,32.19
2024-05-24,15,117,35.98,422.25,85.17
2024-05-24,7,45,15.14,146.61,58.86
2024-05-24,2,37,12.54,107.7,40.42
2024-05-24,11,83,22.43,243.53,86.91
2024-05-24,15,93,29.37,270.47,111.32
2024-05-24,9,18,4.87,50.06,13.08
2024-05-24,11,175,56.56,575.54,151.42
2024-05-24,3,132,43.78,502.33,145.5
2024-05-24,15,16,5.59,51.12,11.72
2024-05-25,7,40,10.22,88.72,27.04
2024-05-25,1,64,21.9,209.82,54.93
2024-05-25,15,35,13.57,132.66,34.09
2024-05-25,6,143,46.32,460.42,125.53
2024-05-25,5,50,13.02,110.6,29.88
2024-05-25,10,62,21.29,207.12,75.11
2024-05-26,1,47,13.98,143.77,29.47
2024-05-26,1,115,38.39,390.84,98.56
2024-05-26,15,70,18.94,215.3,65.23
2024-05-26,6,103,34.88,361.06,132.26
2024-05-26,19,74,22.99,216.01,90.4
2024-05-26,9,159,48.03,554.8,99.96
2024-05-26,20,145,46.8,508.0,138.52
2024-05-26,17,51,17.09,157.44,46.57
2024-05-26,6,38,14.22,169.99,29.55
2024-05-26,2,79,28.75,256.75,92.44
2024-05-26,15,108,34.82,391.87,121.38
2024-05-26,12,60,24.48,214.29,51.71
2024-05-26,14,99,39.36,351.7,82.63
2024-05-26,20,173,57.75,653.72,155.92
2024-05-27,17,89,26.19,237.59,76.22
2024-05-27,11,126,41.48,338.88,124.15
2024-05-27,16,168,57.33,476.06,192.49
2024-05-27,17,168,56.89,615.39,165.41
2024-05-27,4,179,58.95,517.49,204.17
2024-05-27,9,158,53.24,489.38,151.47
2024-05-27,13,71,29.46,266.68,68.56
2024-05-27,20,155,49.22,478.64,115.65
2024-05-27,18,75,25.53,261.53,86.16
2024-05-27,11,45,13.21,140.01,27.07
2024-05-27,14,61,15.31,156.77,53.25
2024-05-27,16,33,7.64,80.26,17.58
2024-05-27,5,73,27.54,294.09,108.55
2024-05-28,17,104,28.83,290.11,75.22
2024-05-28,20,96,29.32,335.86,76.16
2024-05-28,17,58,20.15,196.98,47.88
2024-05-28,20,65,18.97,193.82,57.94
2024-05-28,12,88,33.06,302.36,96.55
2024-05-28,12,15,8.68,100.62,21.03
2024-05-28,1,114,39.0,323.76,88.48
2024-05-28,1,164,51.98,576.36,191.53
2024-05-28,9,165,56.05,492.14,212.16
2024-05-29,3,52,16.29,169.67,60.97
2024-05-29,15,74,25.71,209.77,97.75
2024-05-29,1,91,33.57,385.14,123.15
2024-05-29,19,116,35.43,331.11,92.73
2024-05-29,16,60,23.07,249.07,85.55
2024-05-29,10,55,17.88,167.54,40.7
2024-05-29,19,101,36.85,400.37,92.09
2024-05-29,2,83,24.98,227.03,60.6
2024-05-29,7,111,38.57,439.78,93.57
2024-05-29,8,146,49.16,579.33,139.11
2024-05-30,1,47,12.48,109.11,30.56
2024-05-30,13,141,46.8,437.58,145.0
2024-05-30,1,87,33.71,277.26,92.32
2024-05-30,9,120,45.02,424.06,145.21
2024-05-30,1,166,56.66,644.99,161.76
2024-05-30,16,141,50.31,432.43,146.53
2024-05-30,7,142,46.19,434.37,129.76
2024-05-30,9,39,13.41,116.23,28.07
2024-05-31,6,108,36.08,375.73,79.75
2024-05-31,18,168,59.5,602.33,149.38
2024-05-31,1,169,56.34,565.17,172.24
2024-05-31,14,113,33.33,305.62,92.82
2024-05-31,11,102,37.78,427.96,96.31
2024-05-31,2,33,11.41,123.49,29.61
2024-05-31,4,106,36.83,399.89,141.18
2024-05-31,20,111,34.0,272.21,76.18
2024-05-31,17,59,24.54,237.26,84.93
2024-05-31,1,15,6.98,57.2,25.84
2024-05-31,17,96,31.75,366.66,114.97
2024-05-31,8,145,50.63,466.69,119.08
2024-05-31,18,131,41.04,379.66,157.15
2024-05-31,7,30,11.26,126.38,36.09
2024-05-31,16,103,35.23,400.32,103.79
2024-06-01,16,66,20.58,240.9,80.74
2024-06-01,13,86,29.1,311.58,63.58
2024-06-01,3,47,22.2,256.63,63.96
2024-06-01,18,43,14.92,164.12,44.41
2024-06-01,17,70,22.38,208.28,72.66
2024-06-01,10,91,30.68,286.3,88.26
2024-06-01,5,75,27.11,229.92,80.45
2024-06-01,20,16,9.19,102.21,18.76
2024-06-01,11,91,31.86,279.1,70.75
2024-06-01,9,137,47.22,538.25,163.01
2024-06-01,5,83,20.94,190.79,68.81
2024-06-01,2,24,8.02,92.07,21.52
2024-06-01,13,46,18.32,185.25,55.61
2024-06-01,10,173,58.15,586.74,150.2
2024-06-02,1,145,49.22,503.17,171.26
2024-06-02,7,96,28.34,311.42,74.35
2024-06-02,6,54,16.98,176.07,65.73
2024-06-02,9,129,44.6,507.55,169.28
2024-06-02,1,98,30.99,252.06,96.71
2024-06-02,8,97,33.22,339.4,117.07
2024-06-02,19,109,32.44,317.59,69.58
2024-06-02,5,37,10.36,92.15,39.84
2024-06-02,13,91,29.96,260.92,66.48
2024-06-02,16,54,16.19,133.09,46.04
2024-06-02,17,121,38.83,459.69,107.57
2024-06-03,2,94,32.77,376.82,102.5
2024-06-03,19,42,10.47,111.98,23.73
2024-06-03,19,46,16.17,153.76,46.72
2024-06-03,20,80,30.62,353.85,93.04
2024-06-03,10,75,24.32,259.71,95.4
2024-06-03,18,84,27.12,225.71,85.53
2024-06-03,11,71,23.78,283.64,72.65
2024-06-03,19,27,9.1,98.56,22.72
2024-06-03,16,19,11.78,110.02,24.17
2024-06-03,19,115,38.42,386.99,111.84
2024-06-03,8,39,13.07,137.89,33.62
2024-06-03,7,165,56.77,459.72,179.56
2024-06-03,19,139,45.67,405.45,130.52
2024-06-04,3,105,32.68,266.39,73.4
2024-06-04,9,91,27.72,257.07,76.58
2024-06-04,18,58,17.95,173.4,57.98
2024-06-04,18,70,25.16,237.79,79.85
2024-06-04,2,111,35.29,371.38,137.85
2024-06-04,2,85,28.94,315.79,84.03
2024-06-04,12,49,15.55,148.84,43.71
2024-06-04,20,128,38.76,436.27,80.3
2024-06-04,15,15,4.68,45.16,11.58
2024-06-04,13,177,62.72,534.77,210.75
2024-06-04,13,142,48.8,396.87,186.67
2024-06-05,9,56,17.58,189.76,62.96
2024-06-05,8,179,54.28,484.46,123.36
2024-06-05,11,136,40.58,371.72,82.34
2024-06-05,12,148,45.88,445.97,182.1
2024-06-05,9,149,48.3,502.28,171.61
2024-06-06,7,55,21.42,246.02,43.5
2024-06-06,16,164,49.9,528.36,104.26
2024-06-06,6,40,19.81,228.86,43.77
2024-06-06,3,158,47.08,448.94,183.15
2024-06-06,5,126,45.73,416.22,98.35
2024-06-07,13,49,17.15,195.43,58.52
2024-06-07,9,157,47.13,438.23,167.95
2024-06-07,13,141,42.22,345.22,168.21
2024-06-07,16,167,57.41,627.44,164.44
2024-06-07,7,15,8.14,84.98,28.81
2024-06-07,13,107,40.97,444.43,96.56
2024-06-07,20,133,41.14,483.88,103.73
2024-06-07,1,128,43.78,379.81,159.52
2024-06-07,5,123,42.49,506.0,88.15
2024-06-07,1,33,18.91,178.49,55.81
2024-06-07,16,24,8.91,94.32,21.54
2024-06-07,17,172,53.65,466.0,115.78
2024-06-07,15,52,21.24,245.8,64.97
2024-06-08,2,109,35.5,289.46,133.39
2024-06-08,20,82,28.13,326.03,63.48
2024-06-08,19,168,55.42,500.82,112.94
2024-06-08,11,21,6.63,57.1,25.48
2024-06-08,9,120,42.49,444.56,149.05
2024-06-08,8,46,13.46,131.26,47.96
2024-06-08,3,75,26.52,281.58,65.15
2024-06-08,12,25,9.64,89.28,21.54
2024-06-08,2,145,47.67,554.56,105.3
2024-06-08,18,120,35.68,334.7,142.07
2024-06-08,20,62,19.44,207.83,71.65
2024-06-08,4,177,59.48,600.08,166.73
2024-06-08,8,148,46.88,542.7,140.44
2024-06-08,3,174,64.61,724.01,182.27
2024-06-08,20,129,46.59,415.12,142.04
2024-06-09,6,153,49.97,470.39,164.11
2024-06-09,10,35,10.83,123.65,29.16
2024-06-09,12,21,5.53,65.87,14.02
2024-06-09,18,40,12.04,101.15,41.11
2024-06-09,3,90,35.42,303.03,79.87
2024-06-09,12,77,24.37,227.74,60.17
2024-06-09,7,37,16.15,137.13,46.31
2024-06-09,15,35,5.44,53.25,17.07
2024-06-09,2,89,28.96,279.74,100.36
2024-06-09,9,112,38.07,446.39,148.6
2024-06-09,17,23,12.86,140.89,48.69
2024-06-09,4,62,13.27,151.28,32.63
2024-06-09,13,130,46.01,475.9,181.84
2024-06-10,11,102,33.23,343.57,120.71
2024-06-10,12,156,47.99,458.03,187.58
2024-06-10,7,152,50.59,554.97,179.14
2024-06-10,14,30,5.73,63.9,11.67
2024-06-10,14,36,15.58,144.12,56.92
2024-06-10,16,32,8.15,97.45,27.37
2024-06-10,7,119,39.55,333.46,99.85
2024-06-10,4,65,21.32,214.97,66.84
2024-06-11,6,19,10.72,91.51,28.11
2024-06-11,9,107,35.29,358.44,90.91
2024-06-11,10,139,49.23,467.49,192.1
2024-06-11,6,137,49.74,581.16,131.4
2024-06-11,19,146,47.01,510.02,130.23
2024-06-11,11,124,42.86,477.19,168.26
2024-06-11,2,109,37.06,310.03,75.57
2024-06-11,19,76,25.7,250.47,61.42
2024-06-11,4,42,13.81,126.96,45.24
2024-06-11,6,143,51.91,464.29,179.66
2024-06-11,15,97,30.32,362.76,92.39
2024-06-11,17,136,41.85,390.09,85.35
2024-06-11,6,31,8.21,73.28,22.19
2024-06-12,8,171,58.09,624.81,182.06
2024-06-12,6,137,47.64,452.99,158.55
2024-06-12,14,15,4.58,37.73,11.96
2024-06-12,10,142,48.93,394.5,152.43
2024-06-12,17,62,18.68,187.25,58.38
2024-06-12,15,26,9.59,107.62,22.32
2024-06-12,13,49,16.82,157.6,39.31
2024-06-13,10,73,25.05,252.98,60.26
2024-06-13,7,135,42.01,390.59,93.35
2024-06-13,5,146,52.22,570.35,151.78
2024-06-13,15,145,44.52,394.67,141.66
2024-06-13,3,138,47.89,422.27,119.46
2024-06-13,16,31,12.99,154.86,41.91
2024-06-13,12,173,54.0,564.05,183.16
2024-06-13,14,43,18.61,192.69,56.59
2024-06-13,16,88,21.22,203.58,43.57
2024-06-13,13,23,8.68,70.35,29.93
2024-06-13,6,128,41.63,483.48,139.24
2024-06-14,12,99,33.82,401.76,114.54
2024-06-14,5,51,18.74,196.19,61.62
2024-06-14,2,55,19.71,159.31,58.33
2024-06-14,15,19,4.78,46.27,14.43
2024-06-14,10,137,42.6,386.89,87.68
2024-06-14,18,81,22.26,255.29,77.77
2024-06-14,12,77,23.21,231.66,52.5
2024-06-14,8,23,5.52,62.39,12.43
2024-06-14,12,163,54.04,619.17,158.3
2024-06-14,6,83,26.76,298.17,78.26
2024-06-15,8,31,14.37,141.57,51.31
2024-06-15,11,62,16.78,165.65,66.06
2024-06-15,16,61,20.99,229.36,78.6
2024-06-15,2,122,42.23,478.72,125.81
2024-06-15,17,26,8.45,95.79,22.79
2024-06-15,9,171,56.14,501.5,163.17
2024-06-15,4,106,36.07,353.09,129.12
2024-06-15,14,85,22.23,243.96,70.28
2024-06-15,2,56,14.94,136.09,44.83
2024-06-15,7,86,24.83,256.93,52.97
2024-06-15,17,173,54.19,540.08,214.12
2024-06-15,13,39,14.79,163.69,58.26
2024-06-16,19,129,42.88,478.27,146.16
2024-06-16,6,166,53.82,498.84,199.15
2024-06-16,14,171,60.49,534.54,121.42
2024-06-16,18,52,10.96,131.37,38.84
2024-06-16,20,22,8.29,85.2,29.18
2024-06-16,3,156,54.25,524.94,193.49
2024-06-16,8,65,22.39,241.59,44.84
2024-06-16,16,15,1.0,8.77,2.67
2024-06-16,20,76,25.05,275.28,52.76
2024-06-16,10,58,21.2,242.44,47.39
2024-06-16,16,96,37.43,400.29,83.47
2024-06-16,19,69,20.6,234.26,49.59
2024-06-16,13,54,19.9,180.73,71.78
2024-06-16,7,141,41.38,333.55,100.97
2024-06-16,18,30,10.55,103.15,24.72
2024-06-17,8,107,36.44,405.46,84.22
2024-06-17,13,91,36.37,307.05,103.26
2024-06-17,4,27,9.27,109.04,34.62
2024-06-17,1,176,58.87,705.07,183.15
2024-06-17,7,17,1.0,9.12,3.94
2024-06-17,6,171,54.91,464.87,149.39
2024-06-17,17,99,32.62,372.85,68.41
2024-06-17,12,62,23.68,228.65,70.25
2024-06-17,3,162,50.92,507.02,182.7
2024-06-17,5,148,48.02,404.9,142.88
2024-06-17,8,18,10.75,127.62,23.53
2024-06-17,3,57,14.78,164.81,45.57
2024-06-17,15,106,38.48,398.0,128.84
2024-06-18,11,21,6.76,63.12,24.54
2024-06-18,15,165,52.58,612.96,114.73
2024-06-18,17,35,11.0,95.32,43.83
2024-06-18,16,29,5.6,50.54,18.63
2024-06-18,20,77,22.91,271.78,77.16
2024-06-18,20,121,38.97,387.84,102.47
2024-06-18,9,94,30.66,299.77,72.04
2024-06-18,2,163,51.69,549.84,133.77
2024-06-18,18,97,28.75,265.97,63.59
2024-06-19,17,159,56.21,621.21,170.11
2024-06-19,15,17,5.41,61.63,10.93
2024-06-19,4,102,34.72,353.15,106.22
2024-06-19,9,159,54.22,546.66,179.51
2024-06-19,10,86,22.01,236.65,55.03
2024-06-20,10,162,50.5,478.62,134.25
2024-06-20,1,16,4.58,54.1,17.95
2024-06-20,15,143,46.56,529.78,147.35
2024-06-20,3,129,46.17,517.08,124.24
2024-06-20,7,33,12.3,121.34,30.49
2024-06-20,1,180,55.14,619.51,198.53
2024-06-20,10,157,50.24,580.19,136.47
2024-06-21,13,115,44.65,445.89,116.63
2024-06-21,16,15,10.51,114.28,25.51
2024-06-21,11,58,15.06,155.66,41.31
2024-06-21,4,130,41.96,369.88,97.0
2024-06-21,13,49,17.78,144.02,37.81
2024-06-21,10,18,2.92,29.73,6.04
2024-06-21,16,45,16.33,165.47,37.35
2024-06-21,20,27,6.75,75.8,15.87
2024-06-21,15,159,55.78,516.71,121.27
2024-06-21,5,53,12.36,108.14,35.29
2024-06-21,8,111,44.32,525.3,140.9
2024-06-21,20,90,31.31,322.31,120.73
2024-06-21,10,100,29.97,271.26,90.18
2024-06-21,15,100,31.07,256.98,107.1
2024-06-22,2,122,43.59,423.1,164.69
2024-06-22,8,47,11.92,96.85,30.0
2024-06-22,16,103,35.94,388.26,124.11
2024-06-22,12,26,11.51,120.8,38.35
2024-06-22,11,27,10.1,101.43,39.95
2024-06-22,9,85,27.09,268.76,78.44
2024-06-22,11,22,2.27,19.6,5.82
2024-06-22,15,144,46.24,505.68,95.32
2024-06-22,20,178,60.03,527.38,150.24
2024-06-22,14,42,11.48,135.86,42.59
2024-06-22,4,116,35.43,353.18,72.26
2024-06-22,20,168,54.08,560.33,115.74
2024-06-23,5,91,31.14,362.14,114.99
2024-06-23,12,20,1.62,13.77,6.39
2024-06-23,9,28,6.63,75.78,17.35
2024-06-23,13,43,13.11,134.62,38.6
2024-06-23,10,177,58.75,550.28,230.85
2024-06-23,6,34,11.13,107.02,25.31
2024-06-23,15,15,6.4,63.8,17.13
2024-06-23,7,64,19.52,199.31,68.44
2024-06-23,20,28,8.58,82.46,31.68
2024-06-23,14,47,14.71,135.03,31.97
2024-06-23,15,178,58.08,519.67,189.03
2024-06-23,6,126,36.24,430.21,123.42
2024-06-23,6,88,23.88,242.11,87.98
2024-06-23,19,90,26.04,276.56,52.51
2024-06-23,18,141,43.27,396.81,155.63
2024-06-24,17,130,46.58,428.35,145.32
2024-06-24,2,142,46.75,469.71,186.26
2024-06-24,10,51,16.3,164.69,48.8
2024-06-24,17,23,7.33,87.77,20.81
2024-06-24,14,108,38.41,384.93,139.57
2024-06-24,8,60,17.85,183.14,58.86
2024-06-24,18,177,64.13,696.77,157.02
2024-06-24,18,147,49.36,425.21,177.03
2024-06-24,15,109,38.79,336.66,141.01
2024-06-24,13,120,33.75,271.01,71.62
2024-06-25,15,18,8.02,67.33,20.4
2024-06-25,2,109,34.94,363.15,105.01
2024-06-25,8,92,33.08,389.3,101.04
2024-06-25,12,144,48.16,530.78,154.75
2024-06-25,14,44,14.9,160.14,33.12
2024-06-25,6,40,9.33,75.7,33.69
2024-06-25,8,109,35.39,303.5,139.76
2024-06-25,12,27,11.94,97.35,38.57
2024-06-25,16,180,67.7,736.95,136.2
2024-06-25,14,148,48.11,405.73,136.72
2024-06-25,7,148,52.3,558.05,168.34
2024-06-25,20,54,18.53,175.41,65.07
2024-06-26,4,71,22.42,256.85,86.52
2024-06-26,8,100,28.2,270.55,65.99
2024-06-26,2,21,8.32,92.25,31.19
2024-06-26,2,100,34.32,391.67,86.8
2024-06-26,9,121,43.5,350.07,135.46
2024-06-26,17,151,51.79,428.15,115.64
2024-06-26,15,79,31.16,298.38,78.85
2024-06-26,1,114,42.09,399.47,106.28
2024-06-26,9,134,47.84,504.74,148.64
2024-06-26,12,138,48.54,521.94,146.84
2024-06-26,3,143,49.19,519.95,165.27
2024-06-26,4,101,31.31,369.7,112.14
2024-06-26,8,155,52.4,537.13,109.75
2024-06-27,18,93,33.49,382.02,104.42
2024-06-27,16,34,8.07,69.76,18.05
2024-06-27,1,116,38.44,408.91,147.18
2024-06-27,14,169,58.66,650.07,189.69
2024-06-27,14,165,58.07,490.79,178.11
2024-06-27,19,56,20.58,236.5,62.06
2024-06-27,6,76,29.28,276.82,107.34
2024-06-27,20,120,37.15,404.17,82.29
2024-06-28,17,164,52.15,447.47,137.28
2024-06-28,18,23,9.73,79.0,27.19
2024-06-28,4,40,17.34,176.69,36.1
2024-06-28,14,133,44.54,408.48,120.96
2024-06-28,6,165,53.04,620.07,196.54
